"id_libro","Sesso","Eta_Autore","fascia_eta","nome_editore","Anno","Titolo","genere","Provincia_Editore","Regione_Editore","Stato_Editore"
"1","Maschio","25","Giovane","Italiano Editore","2020","Il Segreto del Vento","Romanzo","Teramo","Abruzzo","Italia"
"2","Maschio","26","Giovane","Francese Editions","2019","La Magia Oscura","Fantasy","Bouches-du-Rhône","Provence-Alpes-Côte 'Azur","Francia"
"3","Maschio","27","Giovane","Ediciones Espanolas","2021","L'Ultimo Inverno","Thriller","Barcelona","Catalonia","Spagna"
"4","Maschio","48","Adulto","Italiano Editore","2018","Ombre nella Notte","Romanzo","Teramo","Abruzzo","Italia"
"5","Maschio","46","Adulto","Francese Editions","2022","Risveglio","Fantasy","Bouches-du-Rhône","Provence-Alpes-Côte 'Azur","Francia"
"6","Femmina","47","Adulto","Deutsche Verlag","2017","Il Codice Perduto","Mistero","Munich","Bavaria","Germania"
"7","Femmina","68","Anziano","United Kingdom Press","2023","L'Incanto del Mare","Avventura","London","England","Regno Unito"
"8","Femmina","70","Anziano","American Publishers","2015","Oltre il Confine","Sci-Fi","Los Angeles","California","Stati Uniti"
"9","Femmina","69","Anziano","Deutsche Verlag","2016","L'Ultima Frontiera","Mistero","Munich","Bavaria","Germania"
"10","Femmina","71","Anziano","United Kingdom Press","2022","Segreti del Passato","Avventura","London","England","Regno Unito"
"11","Femmina","47","Adulto","American Publishers","2019","Notte Infinita","Sci-Fi","Los Angeles","California","Stati Uniti"
"12","Femmina","68","Anziano","Deutsche Verlag","2020","Cronache del Futuro","Mistero","Munich","Bavaria","Germania"
"13","Femmina","70","Anziano","United Kingdom Press","2018","Sotto le Stelle","Avventura","London","England","Regno Unito"
"14","Femmina","69","Anziano","American Publishers","2021","Invisibile","Thriller","Los Angeles","California","Stati Uniti"
"15","Femmina","71","Anziano","Deutsche Verlag","2014","Risveglio dei Titani","Fantasy","Munich","Bavaria","Germania"
"16","Femmina","47","Adulto","United Kingdom Press","2013","Ombre del Passato","Romanzo","London","England","Regno Unito"
"17","Femmina","68","Anziano","American Publishers","2011","Viaggio nel Tempo","Romanzo","Los Angeles","California","Stati Uniti"
"18","Femmina","70","Anziano","Deutsche Verlag","2012","Nebbia del Mattino","Mistero","Munich","Bavaria","Germania"
"19","Femmina","69","Anziano","United Kingdom Press","2010","L'Alba del Destino","Fantasy","London","England","Regno Unito"
"20","Femmina","71","Anziano","American Publishers","2014","L'Ultimo Viaggio","Sci-Fi","Los Angeles","California","Stati Uniti"
"21","Maschio","25","Giovane","Mondadorium","2014","asperiores sed corporis","Romanzo","Biella","Piemonte","Italia"
"22","Maschio","27","Giovane","United Kingdom Press","2002","accusantium adipisci minus","Romanzo","London","England","Regno Unito"
"23","Maschio","25","Giovane","Ediciones Espanolas","1989","consequatur voluptates maiores","Romanzo","Barcelona","Catalonia","Spagna"
"24","Maschio","26","Giovane","Mondadorium","2009","perspiciatis distinctio magni","Romanzo","Biella","Piemonte","Italia"
"25","Maschio","25","Giovane","United Kingdom Press","1981","quos necessitatibus ratione","Romanzo","London","England","Regno Unito"
"26","Maschio","27","Giovane","Italiano Editore","2019","optio placeat eaque","Romanzo","Teramo","Abruzzo","Italia"
"27","Maschio","25","Giovane","Ediciones Espanolas","2006","ex veniam reprehenderit","Romanzo","Barcelona","Catalonia","Spagna"
"28","Maschio","26","Giovane","Francese Editions","1975","odit adipisci doloribus","Romanzo","Bouches-du-Rhône","Provence-Alpes-Côte 'Azur","Francia"
"29","Maschio","27","Giovane","Mondadorium","2023","nemo delectus voluptatum","Romanzo","Biella","Piemonte","Italia"
"30","Maschio","26","Giovane","Francese Editions","2006","eligendi unde amet","Romanzo","Bouches-du-Rhône","Provence-Alpes-Côte 'Azur","Francia"
"31","Maschio","27","Giovane","Ediciones Espanolas","2023","alias amet ut","Romanzo","Barcelona","Catalonia","Spagna"
"32","Maschio","26","Giovane","Ediciones Espanolas","1979","magni soluta accusantium","Romanzo","Barcelona","Catalonia","Spagna"
"33","Maschio","25","Giovane","Mondadorium","1997","quis ut nostrum","Romanzo","Biella","Piemonte","Italia"
"34","Maschio","25","Giovane","Francese Editions","2001","eaque dignissimos incidunt","Romanzo","Bouches-du-Rhône","Provence-Alpes-Côte 'Azur","Francia"
"35","Maschio","27","Giovane","American Publishers","2000","aliquam voluptatibus tempora","Romanzo","Los Angeles","California","Stati Uniti"
"36","Maschio","25","Giovane","Francese Editions","1988","quis doloribus magnam","Romanzo","Bouches-du-Rhône","Provence-Alpes-Côte 'Azur","Francia"
"37","Maschio","26","Giovane","American Publishers","1978","porro quis hic","Romanzo","Los Angeles","California","Stati Uniti"
"38","Maschio","26","Giovane","Deutsche Verlag","1982","sint debitis voluptatibus","Romanzo","Munich","Bavaria","Germania"
"39","Maschio","26","Giovane","Italiano Editore","2012","incidunt saepe architecto","Romanzo","Teramo","Abruzzo","Italia"
"40","Maschio","26","Giovane","Mondadorium","1977","quibusdam quas architecto","Romanzo","Biella","Piemonte","Italia"
"41","Maschio","26","Giovane","Mondadorium","2010","molestias quidem iste","Romanzo","Biella","Piemonte","Italia"
"42","Maschio","26","Giovane","Francese Editions","2021","in iusto repellendus","Romanzo","Bouches-du-Rhône","Provence-Alpes-Côte 'Azur","Francia"
"43","Maschio","26","Giovane","Francese Editions","2012","quaerat unde nostrum","Romanzo","Bouches-du-Rhône","Provence-Alpes-Côte 'Azur","Francia"
"44","Maschio","25","Giovane","Deutsche Verlag","2013","veritatis beatae quidem","Romanzo","Munich","Bavaria","Germania"
"45","Maschio","25","Giovane","United Kingdom Press","1987","reiciendis ullam est","Romanzo","London","England","Regno Unito"
"46","Maschio","26","Giovane","United Kingdom Press","2020","tempore modi reiciendis","Romanzo","London","England","Regno Unito"
"47","Maschio","26","Giovane","Mondadorium","2005","libero culpa ducimus","Romanzo","Biella","Piemonte","Italia"
"48","Maschio","27","Giovane","Italiano Editore","2014","eum occaecati tempore","Romanzo","Teramo","Abruzzo","Italia"
"49","Maschio","27","Giovane","United Kingdom Press","2012","deserunt necessitatibus repellendus","Romanzo","London","England","Regno Unito"
"50","Maschio","27","Giovane","Mondadorium","2019","neque accusamus neque","Romanzo","Biella","Piemonte","Italia"
"51","Maschio","25","Giovane","Italiano Editore","2023","facere debitis nisi","Romanzo","Teramo","Abruzzo","Italia"
"52","Maschio","27","Giovane","Francese Editions","1996","atque libero accusantium","Romanzo","Bouches-du-Rhône","Provence-Alpes-Côte 'Azur","Francia"
"53","Maschio","27","Giovane","Italiano Editore","2018","ad non praesentium","Romanzo","Teramo","Abruzzo","Italia"
"54","Maschio","27","Giovane","Italiano Editore","2019","odio esse numquam","Romanzo","Teramo","Abruzzo","Italia"
"55","Maschio","27","Giovane","American Publishers","1993","aut temporibus fugit","Romanzo","Los Angeles","California","Stati Uniti"
"56","Maschio","25","Giovane","Francese Editions","1995","tempora sapiente velit","Romanzo","Bouches-du-Rhône","Provence-Alpes-Côte 'Azur","Francia"
"57","Maschio","27","Giovane","United Kingdom Press","2010","fugiat unde nihil","Romanzo","London","England","Regno Unito"
"58","Maschio","26","Giovane","Deutsche Verlag","1997","nulla nihil nobis","Romanzo","Munich","Bavaria","Germania"
"59","Maschio","25","Giovane","Italiano Editore","2022","commodi impedit ipsum","Romanzo","Teramo","Abruzzo","Italia"
"60","Maschio","26","Giovane","Deutsche Verlag","1992","ratione ad occaecati","Romanzo","Munich","Bavaria","Germania"
"61","Maschio","27","Giovane","Deutsche Verlag","1985","facere molestiae magni","Romanzo","Munich","Bavaria","Germania"
"62","Maschio","26","Giovane","Ediciones Espanolas","2002","quaerat enim tempora","Romanzo","Barcelona","Catalonia","Spagna"
"63","Maschio","25","Giovane","United Kingdom Press","2019","delectus corporis corrupti","Romanzo","London","England","Regno Unito"
"64","Maschio","27","Giovane","United Kingdom Press","2019","architecto officia fugiat","Romanzo","London","England","Regno Unito"
"65","Maschio","25","Giovane","Mondadorium","1983","expedita libero aperiam","Romanzo","Biella","Piemonte","Italia"
"66","Maschio","27","Giovane","Mondadorium","2020","amet placeat soluta","Romanzo","Biella","Piemonte","Italia"
"67","Maschio","25","Giovane","Ediciones Espanolas","2016","eveniet laudantium provident","Romanzo","Barcelona","Catalonia","Spagna"
"68","Maschio","25","Giovane","Mondadorium","1984","a aliquam repudiandae","Romanzo","Biella","Piemonte","Italia"
"69","Maschio","27","Giovane","Italiano Editore","2004","nulla debitis ipsa","Romanzo","Teramo","Abruzzo","Italia"
"70","Maschio","27","Giovane","Mondadorium","2020","quas eos voluptatibus","Romanzo","Biella","Piemonte","Italia"
"71","Maschio","25","Giovane","American Publishers","2000","ullam provident unde","Romanzo","Los Angeles","California","Stati Uniti"
"72","Maschio","25","Giovane","Mondadorium","2021","quos animi ipsum","Romanzo","Biella","Piemonte","Italia"
"73","Maschio","27","Giovane","American Publishers","2014","totam velit reprehenderit","Romanzo","Los Angeles","California","Stati Uniti"
"74","Maschio","27","Giovane","Italiano Editore","2016","pariatur quos pariatur","Romanzo","Teramo","Abruzzo","Italia"
"75","Maschio","25","Giovane","American Publishers","1992","dolor asperiores quibusdam","Romanzo","Los Angeles","California","Stati Uniti"
"76","Maschio","26","Giovane","Mondadorium","2024","consequuntur cum eius","Romanzo","Biella","Piemonte","Italia"
"77","Maschio","27","Giovane","Francese Editions","1991","delectus iusto totam","Romanzo","Bouches-du-Rhône","Provence-Alpes-Côte 'Azur","Francia"
"78","Maschio","25","Giovane","Francese Editions","1993","voluptas error modi","Romanzo","Bouches-du-Rhône","Provence-Alpes-Côte 'Azur","Francia"
"79","Maschio","27","Giovane","Francese Editions","1981","animi sed repellat","Romanzo","Bouches-du-Rhône","Provence-Alpes-Côte 'Azur","Francia"
"80","Maschio","27","Giovane","Mondadorium","1984","totam veniam nihil","Romanzo","Biella","Piemonte","Italia"
"81","Maschio","26","Giovane","Deutsche Verlag","1997","fugiat officia officiis","Romanzo","Munich","Bavaria","Germania"
"82","Maschio","25","Giovane","Mondadorium","2016","quisquam hic nisi","Romanzo","Biella","Piemonte","Italia"
"83","Maschio","27","Giovane","Deutsche Verlag","1988","quam assumenda a","Romanzo","Munich","Bavaria","Germania"
"84","Maschio","25","Giovane","Deutsche Verlag","2016","placeat praesentium distinctio","Romanzo","Munich","Bavaria","Germania"
"85","Maschio","26","Giovane","Ediciones Espanolas","1996","nesciunt dignissimos nostrum","Romanzo","Barcelona","Catalonia","Spagna"
"86","Maschio","25","Giovane","Francese Editions","2021","neque voluptate quam","Romanzo","Bouches-du-Rhône","Provence-Alpes-Côte 'Azur","Francia"
"87","Maschio","27","Giovane","Deutsche Verlag","1979","error commodi nobis","Romanzo","Munich","Bavaria","Germania"
"88","Maschio","27","Giovane","United Kingdom Press","2024","atque pariatur nesciunt","Romanzo","London","England","Regno Unito"
"89","Maschio","25","Giovane","Taurinorum Editore","2021","aperiam omnis ratione","Romanzo","Torino","Piemonte","Italia"
"90","Maschio","27","Giovane","Ediciones Espanolas","1989","eaque nobis cumque","Romanzo","Barcelona","Catalonia","Spagna"
"91","Maschio","25","Giovane","Mondadorium","1979","amet animi officiis","Romanzo","Biella","Piemonte","Italia"
"92","Maschio","25","Giovane","American Publishers","2024","fugiat quidem itaque","Romanzo","Los Angeles","California","Stati Uniti"
"93","Maschio","26","Giovane","Francese Editions","2011","repellendus esse repudiandae","Romanzo","Bouches-du-Rhône","Provence-Alpes-Côte 'Azur","Francia"
"94","Maschio","26","Giovane","United Kingdom Press","1999","modi vitae eum","Romanzo","London","England","Regno Unito"
"95","Maschio","26","Giovane","Deutsche Verlag","1993","odit molestias rerum","Romanzo","Munich","Bavaria","Germania"
"96","Maschio","26","Giovane","Taurinorum Editore","2013","maxime ut eaque","Romanzo","Torino","Piemonte","Italia"
"97","Maschio","25","Giovane","Ediciones Espanolas","2024","ducimus assumenda numquam","Romanzo","Barcelona","Catalonia","Spagna"
"98","Maschio","27","Giovane","Deutsche Verlag","2021","veniam totam itaque","Romanzo","Munich","Bavaria","Germania"
"99","Maschio","27","Giovane","United Kingdom Press","2010","rerum nostrum delectus","Romanzo","London","England","Regno Unito"
"100","Maschio","25","Giovane","Mondadorium","1986","aperiam dolores occaecati","Romanzo","Biella","Piemonte","Italia"
"101","Maschio","26","Giovane","United Kingdom Press","2001","nostrum cum at","Romanzo","London","England","Regno Unito"
"102","Maschio","25","Giovane","Ediciones Espanolas","1980","fugiat quasi sunt","Romanzo","Barcelona","Catalonia","Spagna"
"103","Maschio","26","Giovane","Francese Editions","2019","tempora ullam unde","Romanzo","Bouches-du-Rhône","Provence-Alpes-Côte 'Azur","Francia"
"104","Maschio","26","Giovane","Deutsche Verlag","2012","laborum ratione officia","Romanzo","Munich","Bavaria","Germania"
"105","Maschio","26","Giovane","Italiano Editore","2001","quae sit nisi","Romanzo","Teramo","Abruzzo","Italia"
"106","Maschio","26","Giovane","American Publishers","1992","quia accusamus totam","Romanzo","Los Angeles","California","Stati Uniti"
"107","Maschio","26","Giovane","Francese Editions","1999","ex atque praesentium","Romanzo","Bouches-du-Rhône","Provence-Alpes-Côte 'Azur","Francia"
"108","Maschio","26","Giovane","Deutsche Verlag","2010","ullam mollitia maiores","Romanzo","Munich","Bavaria","Germania"
"109","Maschio","27","Giovane","Taurinorum Editore","2015","accusamus dolor dolor","Romanzo","Torino","Piemonte","Italia"
"110","Maschio","25","Giovane","Ediciones Espanolas","1985","odio eos aliquid","Romanzo","Barcelona","Catalonia","Spagna"
"111","Maschio","27","Giovane","American Publishers","1990","tempora eligendi ad","Romanzo","Los Angeles","California","Stati Uniti"
"112","Maschio","25","Giovane","American Publishers","2002","explicabo atque totam","Romanzo","Los Angeles","California","Stati Uniti"
"113","Maschio","26","Giovane","Ediciones Espanolas","1980","adipisci vitae non","Romanzo","Barcelona","Catalonia","Spagna"
"114","Maschio","26","Giovane","Francese Editions","2010","velit sunt ex","Romanzo","Bouches-du-Rhône","Provence-Alpes-Côte 'Azur","Francia"
"115","Maschio","26","Giovane","Ediciones Espanolas","2000","est molestiae odit","Romanzo","Barcelona","Catalonia","Spagna"
"116","Maschio","26","Giovane","Italiano Editore","1986","dolore enim aperiam","Romanzo","Teramo","Abruzzo","Italia"
"117","Maschio","27","Giovane","Taurinorum Editore","2013","nulla natus perferendis","Romanzo","Torino","Piemonte","Italia"
"118","Maschio","27","Giovane","American Publishers","1989","temporibus veritatis dolores","Romanzo","Los Angeles","California","Stati Uniti"
"119","Maschio","26","Giovane","Ediciones Espanolas","1989","quaerat expedita occaecati","Romanzo","Barcelona","Catalonia","Spagna"
"120","Maschio","25","Giovane","Deutsche Verlag","2007","rerum facere minima","Romanzo","Munich","Bavaria","Germania"
"122","Femmina","47","Adulto","Francese Editions","1992","odio vero suscipit","Fantasy","Bouches-du-Rhône","Provence-Alpes-Côte 'Azur","Francia"
"123","Maschio","46","Adulto","Deutsche Verlag","1994","error nam facilis","Fantasy","Munich","Bavaria","Germania"
"124","Femmina","47","Adulto","Francese Editions","2002","eius enim autem","Fantasy","Bouches-du-Rhône","Provence-Alpes-Côte 'Azur","Francia"
"125","Femmina","47","Adulto","United Kingdom Press","1982","asperiores voluptatem dolores","Fantasy","London","England","Regno Unito"
"126","Maschio","48","Adulto","Francese Editions","2014","mollitia iusto nesciunt","Fantasy","Bouches-du-Rhône","Provence-Alpes-Côte 'Azur","Francia"
"127","Femmina","47","Adulto","Mondadorium","1981","officia sunt tenetur","Fantasy","Biella","Piemonte","Italia"
"128","Femmina","47","Adulto","Mondadorium","2009","rem delectus provident","Fantasy","Biella","Piemonte","Italia"
"129","Femmina","47","Adulto","Taurinorum Editore","2009","id voluptates sapiente","Fantasy","Torino","Piemonte","Italia"
"130","Femmina","47","Adulto","Deutsche Verlag","1990","excepturi animi facere","Fantasy","Munich","Bavaria","Germania"
"131","Maschio","48","Adulto","United Kingdom Press","2012","consequatur dignissimos natus","Fantasy","London","England","Regno Unito"
"132","Maschio","46","Adulto","Ediciones Espanolas","1982","dolorem assumenda perspiciatis","Fantasy","Barcelona","Catalonia","Spagna"
"133","Maschio","48","Adulto","Francese Editions","1982","itaque libero expedita","Fantasy","Bouches-du-Rhône","Provence-Alpes-Côte 'Azur","Francia"
"134","Femmina","47","Adulto","Italiano Editore","2020","dignissimos tenetur consequuntur","Fantasy","Teramo","Abruzzo","Italia"
"135","Maschio","46","Adulto","Italiano Editore","1991","laboriosam praesentium maxime","Fantasy","Teramo","Abruzzo","Italia"
"136","Maschio","46","Adulto","Deutsche Verlag","1979","reprehenderit sapiente culpa","Fantasy","Munich","Bavaria","Germania"
"137","Maschio","48","Adulto","American Publishers","1998","explicabo et corporis","Fantasy","Los Angeles","California","Stati Uniti"
"138","Maschio","48","Adulto","Taurinorum Editore","1996","libero modi quod","Fantasy","Torino","Piemonte","Italia"
"139","Femmina","47","Adulto","Mondadorium","2018","quaerat id eos","Fantasy","Biella","Piemonte","Italia"
"140","Maschio","48","Adulto","Francese Editions","2023","non voluptas itaque","Fantasy","Bouches-du-Rhône","Provence-Alpes-Côte 'Azur","Francia"
"141","Maschio","46","Adulto","Taurinorum Editore","2001","iste assumenda totam","Fantasy","Torino","Piemonte","Italia"
"142","Femmina","47","Adulto","Francese Editions","2020","laborum ipsum at","Fantasy","Bouches-du-Rhône","Provence-Alpes-Côte 'Azur","Francia"
"143","Maschio","48","Adulto","Italiano Editore","2012","asperiores ipsam quaerat","Fantasy","Teramo","Abruzzo","Italia"
"144","Maschio","48","Adulto","United Kingdom Press","2024","quo delectus voluptatibus","Fantasy","London","England","Regno Unito"
"145","Femmina","47","Adulto","Deutsche Verlag","2019","accusamus cum ad","Fantasy","Munich","Bavaria","Germania"
"146","Maschio","46","Adulto","United Kingdom Press","2015","ad id maiores","Fantasy","London","England","Regno Unito"
"147","Femmina","47","Adulto","Deutsche Verlag","1990","cupiditate omnis laborum","Fantasy","Munich","Bavaria","Germania"
"148","Maschio","46","Adulto","Italiano Editore","1984","doloribus quibusdam tempora","Fantasy","Teramo","Abruzzo","Italia"
"149","Maschio","46","Adulto","United Kingdom Press","2016","tenetur id numquam","Fantasy","London","England","Regno Unito"
"150","Maschio","48","Adulto","American Publishers","1988","voluptas alias eligendi","Fantasy","Los Angeles","California","Stati Uniti"
"151","Femmina","47","Adulto","Deutsche Verlag","2018","magnam eum modi","Fantasy","Munich","Bavaria","Germania"
"152","Maschio","46","Adulto","United Kingdom Press","1999","rerum esse nulla","Fantasy","London","England","Regno Unito"
"153","Maschio","46","Adulto","Francese Editions","2009","expedita tempore voluptatum","Fantasy","Bouches-du-Rhône","Provence-Alpes-Côte 'Azur","Francia"
"154","Maschio","46","Adulto","United Kingdom Press","2005","voluptate pariatur eum","Fantasy","London","England","Regno Unito"
"155","Maschio","46","Adulto","American Publishers","2009","fugiat quidem consectetur","Fantasy","Los Angeles","California","Stati Uniti"
"156","Maschio","46","Adulto","Francese Editions","2006","quod soluta labore","Fantasy","Bouches-du-Rhône","Provence-Alpes-Côte 'Azur","Francia"
"157","Maschio","48","Adulto","Taurinorum Editore","2005","debitis dicta doloribus","Fantasy","Torino","Piemonte","Italia"
"158","Maschio","46","Adulto","Francese Editions","1992","perferendis eveniet est","Fantasy","Bouches-du-Rhône","Provence-Alpes-Côte 'Azur","Francia"
"159","Femmina","47","Adulto","United Kingdom Press","1997","quasi reiciendis saepe","Fantasy","London","England","Regno Unito"
"160","Maschio","48","Adulto","Mondadorium","2015","incidunt totam non","Fantasy","Biella","Piemonte","Italia"
"161","Maschio","46","Adulto","Ediciones Espanolas","2011","praesentium recusandae amet","Fantasy","Barcelona","Catalonia","Spagna"
"162","Femmina","47","Adulto","Francese Editions","1986","saepe porro deleniti","Fantasy","Bouches-du-Rhône","Provence-Alpes-Côte 'Azur","Francia"
"163","Maschio","48","Adulto","Taurinorum Editore","2007","fuga corrupti officiis","Fantasy","Torino","Piemonte","Italia"
"164","Maschio","48","Adulto","American Publishers","2020","sit at error","Fantasy","Los Angeles","California","Stati Uniti"
"165","Maschio","46","Adulto","Ediciones Espanolas","2005","error nam officia","Fantasy","Barcelona","Catalonia","Spagna"
"166","Maschio","48","Adulto","Taurinorum Editore","1997","possimus nostrum omnis","Fantasy","Torino","Piemonte","Italia"
"167","Maschio","46","Adulto","United Kingdom Press","1980","ipsa atque repudiandae","Fantasy","London","England","Regno Unito"
"168","Femmina","47","Adulto","United Kingdom Press","2018","voluptates pariatur voluptate","Fantasy","London","England","Regno Unito"
"169","Maschio","48","Adulto","Ediciones Espanolas","2010","dolorem accusantium harum","Fantasy","Barcelona","Catalonia","Spagna"
"170","Maschio","48","Adulto","Italiano Editore","2000","vitae nihil fuga","Fantasy","Teramo","Abruzzo","Italia"
"171","Maschio","48","Adulto","United Kingdom Press","2020","impedit blanditiis unde","Fantasy","London","England","Regno Unito"
"172","Femmina","47","Adulto","Ediciones Espanolas","1982","dolores nesciunt optio","Fantasy","Barcelona","Catalonia","Spagna"
"173","Femmina","47","Adulto","Mondadorium","2002","hic iste nulla","Fantasy","Biella","Piemonte","Italia"
"174","Femmina","47","Adulto","Italiano Editore","2020","dolorem porro ut","Fantasy","Teramo","Abruzzo","Italia"
"175","Maschio","48","Adulto","Francese Editions","1986","saepe ut est","Fantasy","Bouches-du-Rhône","Provence-Alpes-Côte 'Azur","Francia"
"176","Maschio","48","Adulto","Deutsche Verlag","1992","provident aliquam quidem","Fantasy","Munich","Bavaria","Germania"
"177","Femmina","47","Adulto","United Kingdom Press","2003","assumenda nesciunt optio","Fantasy","London","England","Regno Unito"
"178","Maschio","48","Adulto","Francese Editions","2009","nostrum officia tempore","Fantasy","Bouches-du-Rhône","Provence-Alpes-Côte 'Azur","Francia"
"179","Femmina","47","Adulto","Deutsche Verlag","2023","nostrum ea dignissimos","Fantasy","Munich","Bavaria","Germania"
"180","Femmina","47","Adulto","Ediciones Espanolas","1980","porro nemo cumque","Fantasy","Barcelona","Catalonia","Spagna"
"181","Maschio","46","Adulto","Ediciones Espanolas","1992","unde corporis ab","Fantasy","Barcelona","Catalonia","Spagna"
"182","Femmina","47","Adulto","Francese Editions","1996","esse dicta sint","Fantasy","Bouches-du-Rhône","Provence-Alpes-Côte 'Azur","Francia"
"183","Maschio","46","Adulto","United Kingdom Press","2006","dolorem expedita sit","Fantasy","London","England","Regno Unito"
"184","Femmina","47","Adulto","Mondadorium","1998","totam impedit itaque","Fantasy","Biella","Piemonte","Italia"
"185","Femmina","47","Adulto","United Kingdom Press","1988","neque dicta quis","Fantasy","London","England","Regno Unito"
"186","Femmina","47","Adulto","Italiano Editore","2024","nostrum necessitatibus quasi","Fantasy","Teramo","Abruzzo","Italia"
"187","Maschio","46","Adulto","Francese Editions","1989","eaque quisquam et","Fantasy","Bouches-du-Rhône","Provence-Alpes-Côte 'Azur","Francia"
"188","Maschio","46","Adulto","Deutsche Verlag","1987","soluta ullam ipsum","Fantasy","Munich","Bavaria","Germania"
"189","Maschio","48","Adulto","Ediciones Espanolas","1981","velit deleniti molestiae","Fantasy","Barcelona","Catalonia","Spagna"
"190","Femmina","47","Adulto","Mondadorium","1984","ea incidunt ipsa","Fantasy","Biella","Piemonte","Italia"
"191","Maschio","46","Adulto","Francese Editions","1984","maxime provident quasi","Fantasy","Bouches-du-Rhône","Provence-Alpes-Côte 'Azur","Francia"
"192","Maschio","48","Adulto","Ediciones Espanolas","1994","animi non eos","Fantasy","Barcelona","Catalonia","Spagna"
"193","Maschio","48","Adulto","Mondadorium","1983","numquam id ipsa","Fantasy","Biella","Piemonte","Italia"
"194","Maschio","48","Adulto","Italiano Editore","1982","iusto in id","Fantasy","Teramo","Abruzzo","Italia"
"195","Femmina","47","Adulto","Ediciones Espanolas","1988","porro velit maiores","Fantasy","Barcelona","Catalonia","Spagna"
"196","Femmina","47","Adulto","Taurinorum Editore","2010","praesentium atque laboriosam","Fantasy","Torino","Piemonte","Italia"
"197","Maschio","46","Adulto","Italiano Editore","2000","id rerum dolore","Fantasy","Teramo","Abruzzo","Italia"
"198","Maschio","46","Adulto","Taurinorum Editore","1982","nihil repellat maxime","Fantasy","Torino","Piemonte","Italia"
"199","Femmina","47","Adulto","American Publishers","1982","doloremque similique illo","Fantasy","Los Angeles","California","Stati Uniti"
"200","Femmina","47","Adulto","Deutsche Verlag","2019","rerum assumenda quos","Fantasy","Munich","Bavaria","Germania"
"201","Femmina","47","Adulto","Mondadorium","2010","et quo eos","Fantasy","Biella","Piemonte","Italia"
"202","Maschio","46","Adulto","Ediciones Espanolas","1977","facilis aspernatur ab","Fantasy","Barcelona","Catalonia","Spagna"
"203","Femmina","47","Adulto","United Kingdom Press","1990","repellendus officiis odio","Fantasy","London","England","Regno Unito"
"204","Femmina","47","Adulto","American Publishers","2010","libero doloremque ipsum","Fantasy","Los Angeles","California","Stati Uniti"
"205","Femmina","47","Adulto","American Publishers","2024","necessitatibus omnis minus","Fantasy","Los Angeles","California","Stati Uniti"
"206","Maschio","46","Adulto","Italiano Editore","2006","animi illo inventore","Fantasy","Teramo","Abruzzo","Italia"
"207","Maschio","48","Adulto","Taurinorum Editore","1991","dolor velit dolores","Fantasy","Torino","Piemonte","Italia"
"208","Maschio","48","Adulto","Mondadorium","2024","necessitatibus aspernatur inventore","Fantasy","Biella","Piemonte","Italia"
"209","Maschio","48","Adulto","Francese Editions","2019","natus velit nostrum","Fantasy","Bouches-du-Rhône","Provence-Alpes-Côte 'Azur","Francia"
"210","Femmina","47","Adulto","Deutsche Verlag","1976","in quo magni","Fantasy","Munich","Bavaria","Germania"
"211","Maschio","46","Adulto","Italiano Editore","1977","ut repudiandae tenetur","Fantasy","Teramo","Abruzzo","Italia"
"212","Maschio","48","Adulto","United Kingdom Press","1999","rem minima autem","Fantasy","London","England","Regno Unito"
"213","Femmina","47","Adulto","Italiano Editore","2006","cumque occaecati nisi","Fantasy","Teramo","Abruzzo","Italia"
"214","Femmina","47","Adulto","Italiano Editore","1992","sed adipisci corporis","Fantasy","Teramo","Abruzzo","Italia"
"215","Maschio","46","Adulto","Taurinorum Editore","2006","incidunt voluptatibus ipsam","Fantasy","Torino","Piemonte","Italia"
"216","Maschio","48","Adulto","Francese Editions","2000","laboriosam praesentium consectetur","Fantasy","Bouches-du-Rhône","Provence-Alpes-Côte 'Azur","Francia"
"217","Maschio","48","Adulto","Mondadorium","2004","ut repellat quos","Fantasy","Biella","Piemonte","Italia"
"218","Maschio","48","Adulto","Taurinorum Editore","2017","officiis cumque consequuntur","Fantasy","Torino","Piemonte","Italia"
"219","Femmina","47","Adulto","American Publishers","1990","aliquid voluptate quidem","Fantasy","Los Angeles","California","Stati Uniti"
"220","Femmina","47","Adulto","Ediciones Espanolas","1990","quas dignissimos voluptas","Fantasy","Barcelona","Catalonia","Spagna"
"221","Femmina","47","Adulto","American Publishers","1986","laudantium eligendi nesciunt","Fantasy","Los Angeles","California","Stati Uniti"
"223","Femmina","69","Anziano","Mondadorium","2013","optio in quasi","Thriller","Biella","Piemonte","Italia"
"224","Femmina","71","Anziano","American Publishers","1995","ullam corporis aut","Thriller","Los Angeles","California","Stati Uniti"
"225","Femmina","71","Anziano","American Publishers","2022","eveniet quod repellendus","Thriller","Los Angeles","California","Stati Uniti"
"226","Femmina","70","Anziano","United Kingdom Press","2011","modi error ducimus","Thriller","London","England","Regno Unito"
"227","Femmina","68","Anziano","Italiano Editore","1998","repellendus quos dicta","Thriller","Teramo","Abruzzo","Italia"
"228","Femmina","71","Anziano","American Publishers","1975","incidunt consequuntur quis","Thriller","Los Angeles","California","Stati Uniti"
"229","Femmina","69","Anziano","Taurinorum Editore","2010","nostrum est mollitia","Thriller","Torino","Piemonte","Italia"
"230","Femmina","70","Anziano","Deutsche Verlag","2012","magni dolor vero","Thriller","Munich","Bavaria","Germania"
"231","Femmina","69","Anziano","Deutsche Verlag","2003","tempora dicta officiis","Thriller","Munich","Bavaria","Germania"
"232","Femmina","71","Anziano","Italiano Editore","1984","maxime officiis veritatis","Thriller","Teramo","Abruzzo","Italia"
"233","Femmina","69","Anziano","Ediciones Espanolas","1994","in quibusdam voluptatem","Thriller","Barcelona","Catalonia","Spagna"
"234","Femmina","71","Anziano","Ediciones Espanolas","1988","corporis accusamus culpa","Thriller","Barcelona","Catalonia","Spagna"
"235","Femmina","68","Anziano","Taurinorum Editore","1985","totam maiores nostrum","Thriller","Torino","Piemonte","Italia"
"236","Femmina","71","Anziano","Italiano Editore","2010","iure consequatur hic","Thriller","Teramo","Abruzzo","Italia"
"237","Femmina","69","Anziano","Italiano Editore","1980","asperiores exercitationem cum","Thriller","Teramo","Abruzzo","Italia"
"238","Femmina","70","Anziano","Deutsche Verlag","2006","sint repellendus sint","Thriller","Munich","Bavaria","Germania"
"239","Femmina","71","Anziano","Italiano Editore","1984","ad quibusdam sunt","Thriller","Teramo","Abruzzo","Italia"
"240","Femmina","68","Anziano","Deutsche Verlag","1975","totam optio dolores","Thriller","Munich","Bavaria","Germania"
"241","Femmina","68","Anziano","Francese Editions","2006","repudiandae inventore non","Thriller","Bouches-du-Rhône","Provence-Alpes-Côte 'Azur","Francia"
"242","Femmina","70","Anziano","Francese Editions","2013","nisi optio numquam","Thriller","Bouches-du-Rhône","Provence-Alpes-Côte 'Azur","Francia"
"243","Femmina","68","Anziano","United Kingdom Press","2014","fugiat numquam numquam","Thriller","London","England","Regno Unito"
"244","Femmina","71","Anziano","Italiano Editore","1987","saepe veritatis ab","Thriller","Teramo","Abruzzo","Italia"
"245","Femmina","70","Anziano","Taurinorum Editore","1985","nesciunt praesentium illo","Thriller","Torino","Piemonte","Italia"
"246","Femmina","68","Anziano","Mondadorium","1992","est minima at","Thriller","Biella","Piemonte","Italia"
"247","Femmina","70","Anziano","Francese Editions","1991","natus nesciunt sunt","Thriller","Bouches-du-Rhône","Provence-Alpes-Côte 'Azur","Francia"
"248","Femmina","69","Anziano","United Kingdom Press","1980","accusantium saepe sunt","Thriller","London","England","Regno Unito"
"249","Femmina","70","Anziano","Mondadorium","1984","modi laboriosam quis","Thriller","Biella","Piemonte","Italia"
"250","Femmina","68","Anziano","Deutsche Verlag","1980","provident vitae ipsam","Thriller","Munich","Bavaria","Germania"
"251","Femmina","71","Anziano","Italiano Editore","2009","error magnam possimus","Thriller","Teramo","Abruzzo","Italia"
"252","Femmina","68","Anziano","Taurinorum Editore","2023","temporibus sunt iure","Thriller","Torino","Piemonte","Italia"
"253","Femmina","69","Anziano","United Kingdom Press","2016","commodi veniam perferendis","Thriller","London","England","Regno Unito"
"254","Femmina","68","Anziano","Ediciones Espanolas","2013","iure magni omnis","Thriller","Barcelona","Catalonia","Spagna"
"255","Femmina","69","Anziano","Deutsche Verlag","1996","maiores necessitatibus error","Thriller","Munich","Bavaria","Germania"
"256","Femmina","69","Anziano","Ediciones Espanolas","1994","deleniti debitis tenetur","Thriller","Barcelona","Catalonia","Spagna"
"257","Femmina","68","Anziano","Italiano Editore","2013","totam dicta ipsa","Thriller","Teramo","Abruzzo","Italia"
"258","Femmina","70","Anziano","Ediciones Espanolas","1997","sunt necessitatibus cum","Thriller","Barcelona","Catalonia","Spagna"
"259","Femmina","70","Anziano","Francese Editions","1978","harum quis necessitatibus","Thriller","Bouches-du-Rhône","Provence-Alpes-Côte 'Azur","Francia"
"260","Femmina","69","Anziano","Ediciones Espanolas","2000","vitae ipsa aliquam","Thriller","Barcelona","Catalonia","Spagna"
"261","Femmina","70","Anziano","Taurinorum Editore","2023","delectus culpa ab","Thriller","Torino","Piemonte","Italia"
"262","Femmina","71","Anziano","Francese Editions","2012","harum sed vel","Thriller","Bouches-du-Rhône","Provence-Alpes-Côte 'Azur","Francia"
"263","Femmina","69","Anziano","Francese Editions","2017","nam quae fugit","Thriller","Bouches-du-Rhône","Provence-Alpes-Côte 'Azur","Francia"
"264","Femmina","70","Anziano","United Kingdom Press","2016","beatae velit fugit","Thriller","London","England","Regno Unito"
"265","Femmina","68","Anziano","Italiano Editore","1991","maiores saepe atque","Thriller","Teramo","Abruzzo","Italia"
"266","Femmina","69","Anziano","Deutsche Verlag","1988","optio adipisci provident","Thriller","Munich","Bavaria","Germania"
"267","Femmina","69","Anziano","American Publishers","1976","est quas cumque","Thriller","Los Angeles","California","Stati Uniti"
"268","Femmina","70","Anziano","American Publishers","1990","omnis id eaque","Thriller","Los Angeles","California","Stati Uniti"
"269","Femmina","71","Anziano","Mondadorium","2024","quos sint sequi","Thriller","Biella","Piemonte","Italia"
"270","Femmina","71","Anziano","American Publishers","2000","velit beatae nemo","Thriller","Los Angeles","California","Stati Uniti"
"271","Femmina","70","Anziano","United Kingdom Press","2016","dolores atque velit","Thriller","London","England","Regno Unito"
"272","Femmina","71","Anziano","Francese Editions","2004","nulla provident totam","Thriller","Bouches-du-Rhône","Provence-Alpes-Côte 'Azur","Francia"
"273","Femmina","68","Anziano","Deutsche Verlag","2002","rerum impedit est","Thriller","Munich","Bavaria","Germania"
"274","Femmina","70","Anziano","Ediciones Espanolas","2020","possimus rerum eveniet","Thriller","Barcelona","Catalonia","Spagna"
"275","Femmina","69","Anziano","Francese Editions","2019","non reiciendis facere","Thriller","Bouches-du-Rhône","Provence-Alpes-Côte 'Azur","Francia"
"276","Femmina","69","Anziano","Francese Editions","2011","numquam eum dolores","Thriller","Bouches-du-Rhône","Provence-Alpes-Côte 'Azur","Francia"
"277","Femmina","71","Anziano","Taurinorum Editore","1989","omnis enim praesentium","Thriller","Torino","Piemonte","Italia"
"278","Femmina","69","Anziano","American Publishers","2017","illo incidunt nisi","Thriller","Los Angeles","California","Stati Uniti"
"279","Femmina","69","Anziano","Mondadorium","2018","voluptate magni dolorem","Thriller","Biella","Piemonte","Italia"
"280","Femmina","70","Anziano","Ediciones Espanolas","2007","iure debitis harum","Thriller","Barcelona","Catalonia","Spagna"
"281","Femmina","69","Anziano","Deutsche Verlag","2017","tempora hic occaecati","Thriller","Munich","Bavaria","Germania"
"282","Femmina","69","Anziano","American Publishers","1995","consequatur nemo ducimus","Thriller","Los Angeles","California","Stati Uniti"
"283","Femmina","69","Anziano","Ediciones Espanolas","1994","explicabo reiciendis dignissimos","Thriller","Barcelona","Catalonia","Spagna"
"284","Femmina","69","Anziano","American Publishers","1983","placeat accusamus nostrum","Thriller","Los Angeles","California","Stati Uniti"
"285","Femmina","71","Anziano","Italiano Editore","1976","odit hic recusandae","Thriller","Teramo","Abruzzo","Italia"
"286","Femmina","70","Anziano","Ediciones Espanolas","1995","eligendi neque quos","Thriller","Barcelona","Catalonia","Spagna"
"287","Femmina","70","Anziano","American Publishers","1993","magni quibusdam in","Thriller","Los Angeles","California","Stati Uniti"
"288","Femmina","68","Anziano","Francese Editions","2004","modi omnis est","Thriller","Bouches-du-Rhône","Provence-Alpes-Côte 'Azur","Francia"
"289","Femmina","71","Anziano","Deutsche Verlag","1982","possimus voluptas ipsum","Thriller","Munich","Bavaria","Germania"
"290","Femmina","70","Anziano","Mondadorium","2010","nam possimus aspernatur","Thriller","Biella","Piemonte","Italia"
"291","Femmina","69","Anziano","Deutsche Verlag","1979","aut laudantium eveniet","Thriller","Munich","Bavaria","Germania"
"292","Femmina","68","Anziano","American Publishers","2020","esse laboriosam quidem","Thriller","Los Angeles","California","Stati Uniti"
"293","Femmina","71","Anziano","United Kingdom Press","1997","repudiandae iusto dignissimos","Thriller","London","England","Regno Unito"
"294","Femmina","71","Anziano","Francese Editions","1989","veritatis id rerum","Thriller","Bouches-du-Rhône","Provence-Alpes-Côte 'Azur","Francia"
"295","Femmina","68","Anziano","United Kingdom Press","1982","nihil maiores dignissimos","Thriller","London","England","Regno Unito"
"296","Femmina","70","Anziano","American Publishers","2013","aut sequi repellendus","Thriller","Los Angeles","California","Stati Uniti"
"297","Femmina","70","Anziano","Ediciones Espanolas","2023","ipsa fugit minus","Thriller","Barcelona","Catalonia","Spagna"
"298","Femmina","71","Anziano","Taurinorum Editore","2020","delectus dolorem exercitationem","Thriller","Torino","Piemonte","Italia"
"299","Femmina","69","Anziano","Italiano Editore","1986","atque in eum","Thriller","Teramo","Abruzzo","Italia"
"300","Femmina","69","Anziano","Italiano Editore","2000","quidem dolores maxime","Thriller","Teramo","Abruzzo","Italia"
"301","Femmina","69","Anziano","United Kingdom Press","2010","praesentium magnam perferendis","Thriller","London","England","Regno Unito"
"302","Femmina","71","Anziano","Francese Editions","1989","quibusdam odio aspernatur","Thriller","Bouches-du-Rhône","Provence-Alpes-Côte 'Azur","Francia"
"303","Femmina","69","Anziano","Francese Editions","2017","iusto occaecati maiores","Thriller","Bouches-du-Rhône","Provence-Alpes-Côte 'Azur","Francia"
"304","Femmina","70","Anziano","Francese Editions","1999","omnis neque repellendus","Thriller","Bouches-du-Rhône","Provence-Alpes-Côte 'Azur","Francia"
"305","Femmina","71","Anziano","Italiano Editore","2007","facilis quas officia","Thriller","Teramo","Abruzzo","Italia"
"306","Femmina","71","Anziano","United Kingdom Press","2010","ad deleniti ipsam","Thriller","London","England","Regno Unito"
"307","Femmina","68","Anziano","Taurinorum Editore","1980","ratione odio aliquam","Thriller","Torino","Piemonte","Italia"
"308","Femmina","68","Anziano","United Kingdom Press","1990","autem dicta tempore","Thriller","London","England","Regno Unito"
"309","Femmina","71","Anziano","Deutsche Verlag","2022","expedita harum vel","Thriller","Munich","Bavaria","Germania"
"310","Femmina","68","Anziano","Italiano Editore","1979","tempora deserunt eos","Thriller","Teramo","Abruzzo","Italia"
"311","Femmina","71","Anziano","Deutsche Verlag","2000","impedit culpa impedit","Thriller","Munich","Bavaria","Germania"
"312","Femmina","70","Anziano","United Kingdom Press","2002","ut sit dolore","Thriller","London","England","Regno Unito"
"313","Femmina","71","Anziano","Deutsche Verlag","2014","aspernatur repellat dolorem","Thriller","Munich","Bavaria","Germania"
"314","Femmina","69","Anziano","Ediciones Espanolas","2006","facilis quisquam quo","Thriller","Barcelona","Catalonia","Spagna"
"315","Femmina","69","Anziano","Taurinorum Editore","2013","magni doloribus eum","Thriller","Torino","Piemonte","Italia"
"316","Femmina","70","Anziano","Ediciones Espanolas","2006","labore earum iusto","Thriller","Barcelona","Catalonia","Spagna"
"317","Femmina","71","Anziano","Francese Editions","2009","recusandae dolore ducimus","Thriller","Bouches-du-Rhône","Provence-Alpes-Côte 'Azur","Francia"
"318","Femmina","70","Anziano","Italiano Editore","1988","quidem molestiae odit","Thriller","Teramo","Abruzzo","Italia"
"319","Femmina","70","Anziano","Deutsche Verlag","2014","accusantium tenetur aspernatur","Thriller","Munich","Bavaria","Germania"
"320","Femmina","70","Anziano","Italiano Editore","1979","hic ducimus perferendis","Thriller","Teramo","Abruzzo","Italia"
"321","Femmina","68","Anziano","Italiano Editore","2006","ex corrupti consectetur","Thriller","Teramo","Abruzzo","Italia"
"322","Femmina","69","Anziano","Deutsche Verlag","1984","saepe sint tenetur","Thriller","Munich","Bavaria","Germania"
"324","Femmina","35","Adulto","Mondadorium","1996","alias porro earum","Sci-Fi","Biella","Piemonte","Italia"
"325","Femmina","37","Adulto","Francese Editions","1983","vitae voluptates deserunt","Sci-Fi","Bouches-du-Rhône","Provence-Alpes-Côte 'Azur","Francia"
"326","Femmina","37","Adulto","Deutsche Verlag","2002","itaque aliquam fuga","Sci-Fi","Munich","Bavaria","Germania"
"327","Femmina","36","Adulto","Francese Editions","1990","perspiciatis pariatur at","Sci-Fi","Bouches-du-Rhône","Provence-Alpes-Côte 'Azur","Francia"
"328","Femmina","37","Adulto","Taurinorum Editore","1999","voluptate debitis possimus","Sci-Fi","Torino","Piemonte","Italia"
"329","Femmina","35","Adulto","Mondadorium","2008","eos eveniet animi","Sci-Fi","Biella","Piemonte","Italia"
"330","Femmina","37","Adulto","Italiano Editore","1976","accusantium dicta excepturi","Sci-Fi","Teramo","Abruzzo","Italia"
"331","Femmina","36","Adulto","Taurinorum Editore","1982","hic reprehenderit nostrum","Sci-Fi","Torino","Piemonte","Italia"
"332","Femmina","37","Adulto","United Kingdom Press","1975","asperiores labore unde","Sci-Fi","London","England","Regno Unito"
"333","Femmina","37","Adulto","United Kingdom Press","2010","officiis dolor nam","Sci-Fi","London","England","Regno Unito"
"334","Femmina","36","Adulto","Francese Editions","2005","accusantium minus atque","Sci-Fi","Bouches-du-Rhône","Provence-Alpes-Côte 'Azur","Francia"
"335","Femmina","35","Adulto","Taurinorum Editore","2014","tenetur adipisci maxime","Sci-Fi","Torino","Piemonte","Italia"
"336","Femmina","37","Adulto","Francese Editions","1998","sit at nam","Sci-Fi","Bouches-du-Rhône","Provence-Alpes-Côte 'Azur","Francia"
"337","Femmina","35","Adulto","United Kingdom Press","1994","alias enim amet","Sci-Fi","London","England","Regno Unito"
"338","Femmina","35","Adulto","Taurinorum Editore","1986","debitis eos assumenda","Sci-Fi","Torino","Piemonte","Italia"
"339","Femmina","36","Adulto","Ediciones Espanolas","1976","cumque doloribus nisi","Sci-Fi","Barcelona","Catalonia","Spagna"
"340","Femmina","37","Adulto","Mondadorium","1996","sapiente ab ea","Sci-Fi","Biella","Piemonte","Italia"
"341","Femmina","37","Adulto","Ediciones Espanolas","2019","modi et numquam","Sci-Fi","Barcelona","Catalonia","Spagna"
"342","Femmina","35","Adulto","American Publishers","2020","rerum harum sapiente","Sci-Fi","Los Angeles","California","Stati Uniti"
"343","Femmina","36","Adulto","Francese Editions","2001","repellendus eius deleniti","Sci-Fi","Bouches-du-Rhône","Provence-Alpes-Côte 'Azur","Francia"
"344","Femmina","36","Adulto","Francese Editions","2013","unde sit et","Sci-Fi","Bouches-du-Rhône","Provence-Alpes-Côte 'Azur","Francia"
"345","Femmina","36","Adulto","American Publishers","1981","reprehenderit minima dolores","Sci-Fi","Los Angeles","California","Stati Uniti"
"346","Femmina","36","Adulto","Mondadorium","2010","sit ducimus perspiciatis","Sci-Fi","Biella","Piemonte","Italia"
"347","Femmina","35","Adulto","United Kingdom Press","1984","iste aspernatur perspiciatis","Sci-Fi","London","England","Regno Unito"
"348","Femmina","36","Adulto","American Publishers","1987","repellat animi voluptas","Sci-Fi","Los Angeles","California","Stati Uniti"
"349","Femmina","35","Adulto","American Publishers","1997","voluptatem inventore porro","Sci-Fi","Los Angeles","California","Stati Uniti"
"350","Femmina","36","Adulto","Deutsche Verlag","2022","alias nemo explicabo","Sci-Fi","Munich","Bavaria","Germania"
"351","Femmina","37","Adulto","Mondadorium","1987","sint eum voluptas","Sci-Fi","Biella","Piemonte","Italia"
"352","Femmina","36","Adulto","Taurinorum Editore","2020","repellendus natus pariatur","Sci-Fi","Torino","Piemonte","Italia"
"353","Femmina","35","Adulto","Taurinorum Editore","2023","rerum vitae eos","Sci-Fi","Torino","Piemonte","Italia"
"354","Femmina","37","Adulto","Mondadorium","2001","unde aspernatur veritatis","Sci-Fi","Biella","Piemonte","Italia"
"355","Femmina","37","Adulto","Italiano Editore","1977","maiores veniam reprehenderit","Sci-Fi","Teramo","Abruzzo","Italia"
"356","Femmina","37","Adulto","Ediciones Espanolas","2002","qui eum in","Sci-Fi","Barcelona","Catalonia","Spagna"
"357","Femmina","36","Adulto","Deutsche Verlag","1998","rerum architecto sed","Sci-Fi","Munich","Bavaria","Germania"
"358","Femmina","35","Adulto","Italiano Editore","1978","soluta vel officia","Sci-Fi","Teramo","Abruzzo","Italia"
"359","Femmina","35","Adulto","Francese Editions","2009","dignissimos facilis velit","Sci-Fi","Bouches-du-Rhône","Provence-Alpes-Côte 'Azur","Francia"
"360","Femmina","35","Adulto","Mondadorium","1991","ut fuga explicabo","Sci-Fi","Biella","Piemonte","Italia"
"361","Femmina","35","Adulto","Ediciones Espanolas","2000","harum dicta dolorum","Sci-Fi","Barcelona","Catalonia","Spagna"
"362","Femmina","36","Adulto","Taurinorum Editore","1986","officiis rerum perspiciatis","Sci-Fi","Torino","Piemonte","Italia"
"363","Femmina","36","Adulto","American Publishers","2013","magni nemo tenetur","Sci-Fi","Los Angeles","California","Stati Uniti"
"364","Femmina","36","Adulto","Deutsche Verlag","1981","quae odio esse","Sci-Fi","Munich","Bavaria","Germania"
"365","Femmina","36","Adulto","Taurinorum Editore","2022","nobis doloribus fugiat","Sci-Fi","Torino","Piemonte","Italia"
"366","Femmina","35","Adulto","Francese Editions","1983","animi vitae officia","Sci-Fi","Bouches-du-Rhône","Provence-Alpes-Côte 'Azur","Francia"
"367","Femmina","37","Adulto","Italiano Editore","1976","similique soluta quis","Sci-Fi","Teramo","Abruzzo","Italia"
"368","Femmina","37","Adulto","Taurinorum Editore","1989","nemo ullam qui","Sci-Fi","Torino","Piemonte","Italia"
"369","Femmina","37","Adulto","Deutsche Verlag","2007","voluptatem architecto suscipit","Sci-Fi","Munich","Bavaria","Germania"
"370","Femmina","37","Adulto","Ediciones Espanolas","1982","hic ut ullam","Sci-Fi","Barcelona","Catalonia","Spagna"
"371","Femmina","37","Adulto","Deutsche Verlag","1989","sequi vero soluta","Sci-Fi","Munich","Bavaria","Germania"
"372","Femmina","36","Adulto","Francese Editions","1998","rem nulla dolores","Sci-Fi","Bouches-du-Rhône","Provence-Alpes-Côte 'Azur","Francia"
"373","Femmina","37","Adulto","Ediciones Espanolas","1980","occaecati voluptatum alias","Sci-Fi","Barcelona","Catalonia","Spagna"
"374","Femmina","37","Adulto","Italiano Editore","2013","tempore nulla vero","Sci-Fi","Teramo","Abruzzo","Italia"
"375","Femmina","36","Adulto","Taurinorum Editore","1976","provident vitae et","Sci-Fi","Torino","Piemonte","Italia"
"376","Femmina","37","Adulto","Italiano Editore","1981","voluptas beatae dignissimos","Sci-Fi","Teramo","Abruzzo","Italia"
"377","Femmina","35","Adulto","United Kingdom Press","2015","voluptates velit temporibus","Sci-Fi","London","England","Regno Unito"
"378","Femmina","35","Adulto","American Publishers","2011","temporibus non quasi","Sci-Fi","Los Angeles","California","Stati Uniti"
"379","Femmina","37","Adulto","American Publishers","1999","officia quidem labore","Sci-Fi","Los Angeles","California","Stati Uniti"
"380","Femmina","37","Adulto","Taurinorum Editore","2022","sunt fugiat voluptatem","Sci-Fi","Torino","Piemonte","Italia"
"381","Femmina","36","Adulto","Francese Editions","1998","exercitationem ut placeat","Sci-Fi","Bouches-du-Rhône","Provence-Alpes-Côte 'Azur","Francia"
"382","Femmina","35","Adulto","Italiano Editore","2015","earum modi veritatis","Sci-Fi","Teramo","Abruzzo","Italia"
"383","Femmina","35","Adulto","United Kingdom Press","1990","accusamus deleniti quas","Sci-Fi","London","England","Regno Unito"
"384","Femmina","37","Adulto","United Kingdom Press","1976","expedita ut veritatis","Sci-Fi","London","England","Regno Unito"
"385","Femmina","37","Adulto","Deutsche Verlag","1995","dolores facere nulla","Sci-Fi","Munich","Bavaria","Germania"
"386","Femmina","35","Adulto","Taurinorum Editore","1977","explicabo ratione facilis","Sci-Fi","Torino","Piemonte","Italia"
"387","Femmina","35","Adulto","Francese Editions","1993","placeat quasi ratione","Sci-Fi","Bouches-du-Rhône","Provence-Alpes-Côte 'Azur","Francia"
"388","Femmina","35","Adulto","Mondadorium","1997","exercitationem omnis vero","Sci-Fi","Biella","Piemonte","Italia"
"389","Femmina","37","Adulto","United Kingdom Press","1982","molestiae officiis deserunt","Sci-Fi","London","England","Regno Unito"
"390","Femmina","35","Adulto","Taurinorum Editore","2001","voluptatum ab deserunt","Sci-Fi","Torino","Piemonte","Italia"
"391","Femmina","36","Adulto","Italiano Editore","1994","molestiae saepe eligendi","Sci-Fi","Teramo","Abruzzo","Italia"
"392","Femmina","37","Adulto","Taurinorum Editore","1996","a iure dicta","Sci-Fi","Torino","Piemonte","Italia"
"393","Femmina","37","Adulto","Taurinorum Editore","1984","iste quasi mollitia","Sci-Fi","Torino","Piemonte","Italia"
"394","Femmina","35","Adulto","Deutsche Verlag","2010","doloribus omnis reprehenderit","Sci-Fi","Munich","Bavaria","Germania"
"395","Femmina","37","Adulto","Italiano Editore","2020","vel molestiae illo","Sci-Fi","Teramo","Abruzzo","Italia"
"396","Femmina","37","Adulto","Deutsche Verlag","1990","amet odit ipsum","Sci-Fi","Munich","Bavaria","Germania"
"397","Femmina","36","Adulto","United Kingdom Press","2010","quod molestiae eius","Sci-Fi","London","England","Regno Unito"
"398","Femmina","35","Adulto","Ediciones Espanolas","2022","modi id maxime","Sci-Fi","Barcelona","Catalonia","Spagna"
"399","Femmina","37","Adulto","Deutsche Verlag","1991","velit minus facere","Sci-Fi","Munich","Bavaria","Germania"
"400","Femmina","36","Adulto","Francese Editions","2017","necessitatibus impedit facilis","Sci-Fi","Bouches-du-Rhône","Provence-Alpes-Côte 'Azur","Francia"
"401","Femmina","35","Adulto","United Kingdom Press","2004","quos nesciunt ut","Sci-Fi","London","England","Regno Unito"
"402","Femmina","37","Adulto","Taurinorum Editore","2021","adipisci voluptas minima","Sci-Fi","Torino","Piemonte","Italia"
"403","Femmina","37","Adulto","Ediciones Espanolas","1975","nulla sequi accusantium","Sci-Fi","Barcelona","Catalonia","Spagna"
"404","Femmina","37","Adulto","Deutsche Verlag","1999","vel architecto ipsam","Sci-Fi","Munich","Bavaria","Germania"
"405","Femmina","35","Adulto","American Publishers","1979","dolorem distinctio aperiam","Sci-Fi","Los Angeles","California","Stati Uniti"
"406","Femmina","35","Adulto","Mondadorium","1997","distinctio expedita quasi","Sci-Fi","Biella","Piemonte","Italia"
"407","Femmina","37","Adulto","United Kingdom Press","2023","earum veniam eos","Sci-Fi","London","England","Regno Unito"
"408","Femmina","35","Adulto","Deutsche Verlag","2005","facere eligendi mollitia","Sci-Fi","Munich","Bavaria","Germania"
"409","Femmina","37","Adulto","Francese Editions","2020","tempora natus similique","Sci-Fi","Bouches-du-Rhône","Provence-Alpes-Côte 'Azur","Francia"
"410","Femmina","35","Adulto","American Publishers","2005","ad quia totam","Sci-Fi","Los Angeles","California","Stati Uniti"
"411","Femmina","36","Adulto","Italiano Editore","2006","non corporis delectus","Sci-Fi","Teramo","Abruzzo","Italia"
"412","Femmina","37","Adulto","Mondadorium","1976","error fugiat ut","Sci-Fi","Biella","Piemonte","Italia"
"413","Femmina","35","Adulto","Francese Editions","2000","accusamus distinctio ipsam","Sci-Fi","Bouches-du-Rhône","Provence-Alpes-Côte 'Azur","Francia"
"414","Femmina","36","Adulto","Francese Editions","2015","ratione sunt consequatur","Sci-Fi","Bouches-du-Rhône","Provence-Alpes-Côte 'Azur","Francia"
"415","Femmina","36","Adulto","United Kingdom Press","1977","pariatur qui et","Sci-Fi","London","England","Regno Unito"
"416","Femmina","36","Adulto","Taurinorum Editore","2012","dolore error molestiae","Sci-Fi","Torino","Piemonte","Italia"
"417","Femmina","37","Adulto","Italiano Editore","1986","nesciunt explicabo quam","Sci-Fi","Teramo","Abruzzo","Italia"
"418","Femmina","37","Adulto","Deutsche Verlag","1999","assumenda fugiat aliquid","Sci-Fi","Munich","Bavaria","Germania"
"419","Femmina","36","Adulto","Francese Editions","2007","explicabo doloribus temporibus","Sci-Fi","Bouches-du-Rhône","Provence-Alpes-Côte 'Azur","Francia"
"420","Femmina","36","Adulto","Italiano Editore","2004","aliquam nisi repellendus","Sci-Fi","Teramo","Abruzzo","Italia"
"421","Femmina","37","Adulto","Deutsche Verlag","1982","ex sit labore","Sci-Fi","Munich","Bavaria","Germania"
"422","Femmina","36","Adulto","Mondadorium","1990","aliquam nostrum ratione","Sci-Fi","Biella","Piemonte","Italia"
"423","Femmina","37","Adulto","United Kingdom Press","1980","corrupti iusto ullam","Sci-Fi","London","England","Regno Unito"
"424","Maschio","55","Adulto","United Kingdom Press","1999","deserunt delectus soluta","Avventura","London","England","Regno Unito"
"425","Maschio","53","Adulto","Mondadorium","2020","possimus eos magni","Avventura","Biella","Piemonte","Italia"
"426","Maschio","53","Adulto","Italiano Editore","1999","sint quae officiis","Avventura","Teramo","Abruzzo","Italia"
"427","Maschio","55","Adulto","Deutsche Verlag","2021","omnis unde dolorum","Avventura","Munich","Bavaria","Germania"
"428","Maschio","53","Adulto","Italiano Editore","1993","tenetur corporis excepturi","Avventura","Teramo","Abruzzo","Italia"
"429","Maschio","54","Adulto","Italiano Editore","2024","a voluptate repellat","Avventura","Teramo","Abruzzo","Italia"
"430","Maschio","53","Adulto","Mondadorium","2005","accusantium tempore qui","Avventura","Biella","Piemonte","Italia"
"431","Maschio","53","Adulto","Deutsche Verlag","1980","fuga commodi necessitatibus","Avventura","Munich","Bavaria","Germania"
"432","Maschio","54","Adulto","United Kingdom Press","1975","incidunt cum architecto","Avventura","London","England","Regno Unito"
"433","Maschio","54","Adulto","Ediciones Espanolas","1997","error tenetur eligendi","Avventura","Barcelona","Catalonia","Spagna"
"434","Maschio","54","Adulto","Francese Editions","2016","nobis asperiores distinctio","Avventura","Bouches-du-Rhône","Provence-Alpes-Côte 'Azur","Francia"
"435","Maschio","55","Adulto","American Publishers","1980","quia consequuntur eaque","Avventura","Los Angeles","California","Stati Uniti"
"436","Maschio","53","Adulto","United Kingdom Press","1981","ea neque quaerat","Avventura","London","England","Regno Unito"
"437","Maschio","55","Adulto","Francese Editions","2006","aliquam praesentium aperiam","Avventura","Bouches-du-Rhône","Provence-Alpes-Côte 'Azur","Francia"
"438","Maschio","55","Adulto","Italiano Editore","1986","sint cupiditate reiciendis","Avventura","Teramo","Abruzzo","Italia"
"439","Maschio","54","Adulto","United Kingdom Press","1984","voluptatum aperiam maxime","Avventura","London","England","Regno Unito"
"440","Maschio","54","Adulto","Taurinorum Editore","1975","optio autem necessitatibus","Avventura","Torino","Piemonte","Italia"
"441","Maschio","53","Adulto","United Kingdom Press","2008","cumque quas impedit","Avventura","London","England","Regno Unito"
"442","Maschio","54","Adulto","American Publishers","1998","atque ad amet","Avventura","Los Angeles","California","Stati Uniti"
"443","Maschio","53","Adulto","American Publishers","2006","beatae nemo eum","Avventura","Los Angeles","California","Stati Uniti"
"444","Maschio","54","Adulto","Ediciones Espanolas","1981","saepe dignissimos labore","Avventura","Barcelona","Catalonia","Spagna"
"445","Maschio","53","Adulto","Ediciones Espanolas","2003","voluptatibus qui perferendis","Avventura","Barcelona","Catalonia","Spagna"
"446","Maschio","53","Adulto","American Publishers","1992","incidunt voluptatem reprehenderit","Avventura","Los Angeles","California","Stati Uniti"
"447","Maschio","53","Adulto","Mondadorium","2000","odio ea facilis","Avventura","Biella","Piemonte","Italia"
"448","Maschio","53","Adulto","American Publishers","2015","nisi excepturi consequatur","Avventura","Los Angeles","California","Stati Uniti"
"449","Maschio","53","Adulto","United Kingdom Press","1984","magnam consequuntur nulla","Avventura","London","England","Regno Unito"
"450","Maschio","53","Adulto","Francese Editions","1982","ea provident velit","Avventura","Bouches-du-Rhône","Provence-Alpes-Côte 'Azur","Francia"
"451","Maschio","53","Adulto","Italiano Editore","1975","dolorem cum nemo","Avventura","Teramo","Abruzzo","Italia"
"452","Maschio","54","Adulto","Taurinorum Editore","2004","sequi excepturi vero","Avventura","Torino","Piemonte","Italia"
"453","Maschio","54","Adulto","United Kingdom Press","1997","eos assumenda quae","Avventura","London","England","Regno Unito"
"454","Maschio","54","Adulto","Deutsche Verlag","2007","pariatur suscipit animi","Avventura","Munich","Bavaria","Germania"
"455","Maschio","55","Adulto","Mondadorium","1997","aperiam quam explicabo","Avventura","Biella","Piemonte","Italia"
"456","Maschio","54","Adulto","United Kingdom Press","1986","magni molestias ipsum","Avventura","London","England","Regno Unito"
"457","Maschio","53","Adulto","Ediciones Espanolas","1976","minima facere recusandae","Avventura","Barcelona","Catalonia","Spagna"
"458","Maschio","55","Adulto","Francese Editions","1986","quaerat quae dolores","Avventura","Bouches-du-Rhône","Provence-Alpes-Côte 'Azur","Francia"
"459","Maschio","54","Adulto","Francese Editions","1986","qui occaecati quaerat","Avventura","Bouches-du-Rhône","Provence-Alpes-Côte 'Azur","Francia"
"460","Maschio","54","Adulto","Deutsche Verlag","1995","debitis nobis ea","Avventura","Munich","Bavaria","Germania"
"461","Maschio","54","Adulto","American Publishers","2017","libero incidunt quae","Avventura","Los Angeles","California","Stati Uniti"
"462","Maschio","54","Adulto","Taurinorum Editore","1976","rerum inventore aut","Avventura","Torino","Piemonte","Italia"
"463","Maschio","54","Adulto","American Publishers","2005","laborum ut perspiciatis","Avventura","Los Angeles","California","Stati Uniti"
"464","Maschio","55","Adulto","Francese Editions","2006","iusto enim possimus","Avventura","Bouches-du-Rhône","Provence-Alpes-Côte 'Azur","Francia"
"465","Maschio","54","Adulto","Italiano Editore","2018","expedita necessitatibus debitis","Avventura","Teramo","Abruzzo","Italia"
"466","Maschio","54","Adulto","Taurinorum Editore","1978","et vel esse","Avventura","Torino","Piemonte","Italia"
"467","Maschio","53","Adulto","American Publishers","1986","magnam dicta quis","Avventura","Los Angeles","California","Stati Uniti"
"468","Maschio","54","Adulto","Mondadorium","2000","mollitia expedita ad","Avventura","Biella","Piemonte","Italia"
"469","Maschio","53","Adulto","Francese Editions","1985","consequatur adipisci architecto","Avventura","Bouches-du-Rhône","Provence-Alpes-Côte 'Azur","Francia"
"470","Maschio","54","Adulto","Taurinorum Editore","1996","nisi nobis aspernatur","Avventura","Torino","Piemonte","Italia"
"471","Maschio","54","Adulto","American Publishers","1979","vel debitis autem","Avventura","Los Angeles","California","Stati Uniti"
"472","Maschio","54","Adulto","Italiano Editore","2021","illum ab tempora","Avventura","Teramo","Abruzzo","Italia"
"473","Maschio","54","Adulto","Deutsche Verlag","1985","temporibus consequatur culpa","Avventura","Munich","Bavaria","Germania"
"474","Maschio","53","Adulto","Ediciones Espanolas","1981","neque amet ex","Avventura","Barcelona","Catalonia","Spagna"
"475","Maschio","55","Adulto","Mondadorium","2016","temporibus quos ratione","Avventura","Biella","Piemonte","Italia"
"476","Maschio","55","Adulto","Taurinorum Editore","1986","minus occaecati accusamus","Avventura","Torino","Piemonte","Italia"
"477","Maschio","54","Adulto","Ediciones Espanolas","1984","corrupti commodi enim","Avventura","Barcelona","Catalonia","Spagna"
"478","Maschio","55","Adulto","Taurinorum Editore","2001","itaque fugit molestias","Avventura","Torino","Piemonte","Italia"
"479","Maschio","54","Adulto","American Publishers","1988","blanditiis quas facilis","Avventura","Los Angeles","California","Stati Uniti"
"480","Maschio","54","Adulto","Italiano Editore","2004","placeat animi ullam","Avventura","Teramo","Abruzzo","Italia"
"481","Maschio","55","Adulto","Francese Editions","1996","esse quod id","Avventura","Bouches-du-Rhône","Provence-Alpes-Côte 'Azur","Francia"
"482","Maschio","53","Adulto","Francese Editions","2004","eos repudiandae vero","Avventura","Bouches-du-Rhône","Provence-Alpes-Côte 'Azur","Francia"
"483","Maschio","55","Adulto","Mondadorium","2001","sit repellat autem","Avventura","Biella","Piemonte","Italia"
"484","Maschio","54","Adulto","Mondadorium","2004","consequatur cum quibusdam","Avventura","Biella","Piemonte","Italia"
"485","Maschio","55","Adulto","Deutsche Verlag","2013","cumque laboriosam tempore","Avventura","Munich","Bavaria","Germania"
"486","Maschio","54","Adulto","United Kingdom Press","2018","voluptatem asperiores est","Avventura","London","England","Regno Unito"
"487","Maschio","54","Adulto","Deutsche Verlag","2008","molestias pariatur veritatis","Avventura","Munich","Bavaria","Germania"
"488","Maschio","54","Adulto","Mondadorium","2010","sapiente nihil dolorem","Avventura","Biella","Piemonte","Italia"
"489","Maschio","54","Adulto","Francese Editions","1987","fugiat illo similique","Avventura","Bouches-du-Rhône","Provence-Alpes-Côte 'Azur","Francia"
"490","Maschio","55","Adulto","Ediciones Espanolas","2003","suscipit incidunt asperiores","Avventura","Barcelona","Catalonia","Spagna"
"491","Maschio","53","Adulto","Deutsche Verlag","2013","suscipit aut ducimus","Avventura","Munich","Bavaria","Germania"
"492","Maschio","53","Adulto","Francese Editions","2016","dolorem rem maxime","Avventura","Bouches-du-Rhône","Provence-Alpes-Côte 'Azur","Francia"
"493","Maschio","53","Adulto","Deutsche Verlag","2016","a suscipit repudiandae","Avventura","Munich","Bavaria","Germania"
"494","Maschio","55","Adulto","Taurinorum Editore","2010","quae esse corrupti","Avventura","Torino","Piemonte","Italia"
"495","Maschio","53","Adulto","Italiano Editore","2014","sunt consectetur similique","Avventura","Teramo","Abruzzo","Italia"
"496","Maschio","54","Adulto","Taurinorum Editore","1999","ipsa inventore rem","Avventura","Torino","Piemonte","Italia"
"497","Maschio","53","Adulto","Mondadorium","1990","deserunt consectetur ad","Avventura","Biella","Piemonte","Italia"
"498","Maschio","54","Adulto","Ediciones Espanolas","2004","esse tempora iusto","Avventura","Barcelona","Catalonia","Spagna"
"499","Maschio","53","Adulto","Deutsche Verlag","1981","quis exercitationem accusantium","Avventura","Munich","Bavaria","Germania"
"500","Maschio","55","Adulto","Mondadorium","2010","iusto enim aspernatur","Avventura","Biella","Piemonte","Italia"
"501","Maschio","55","Adulto","Taurinorum Editore","1979","esse magni eaque","Avventura","Torino","Piemonte","Italia"
"502","Maschio","55","Adulto","Ediciones Espanolas","1975","possimus debitis reiciendis","Avventura","Barcelona","Catalonia","Spagna"
"503","Maschio","54","Adulto","United Kingdom Press","2020","architecto ducimus laudantium","Avventura","London","England","Regno Unito"
"504","Maschio","55","Adulto","Deutsche Verlag","1988","corrupti saepe expedita","Avventura","Munich","Bavaria","Germania"
"505","Maschio","53","Adulto","Taurinorum Editore","1981","molestias repudiandae commodi","Avventura","Torino","Piemonte","Italia"
"506","Maschio","54","Adulto","Mondadorium","2006","magnam eveniet culpa","Avventura","Biella","Piemonte","Italia"
"507","Maschio","54","Adulto","Ediciones Espanolas","1975","nesciunt repellat est","Avventura","Barcelona","Catalonia","Spagna"
"508","Maschio","53","Adulto","Ediciones Espanolas","2004","dolorum impedit eum","Avventura","Barcelona","Catalonia","Spagna"
"509","Maschio","55","Adulto","Mondadorium","1991","earum est ullam","Avventura","Biella","Piemonte","Italia"
"510","Maschio","55","Adulto","Mondadorium","2003","repudiandae asperiores officiis","Avventura","Biella","Piemonte","Italia"
"511","Maschio","54","Adulto","American Publishers","1980","ipsum natus incidunt","Avventura","Los Angeles","California","Stati Uniti"
"512","Maschio","55","Adulto","Deutsche Verlag","1986","earum voluptates quod","Avventura","Munich","Bavaria","Germania"
"513","Maschio","55","Adulto","Francese Editions","1986","asperiores omnis autem","Avventura","Bouches-du-Rhône","Provence-Alpes-Côte 'Azur","Francia"
"514","Maschio","54","Adulto","American Publishers","1976","dolorem similique animi","Avventura","Los Angeles","California","Stati Uniti"
"515","Maschio","55","Adulto","Italiano Editore","1999","rerum odit natus","Avventura","Teramo","Abruzzo","Italia"
"516","Maschio","55","Adulto","Mondadorium","2022","molestiae omnis nobis","Avventura","Biella","Piemonte","Italia"
"517","Maschio","54","Adulto","American Publishers","1976","consequatur molestias pariatur","Avventura","Los Angeles","California","Stati Uniti"
"518","Maschio","55","Adulto","United Kingdom Press","1978","porro ipsam eligendi","Avventura","London","England","Regno Unito"
"519","Maschio","54","Adulto","American Publishers","1987","voluptas tempora molestiae","Avventura","Los Angeles","California","Stati Uniti"
"520","Maschio","53","Adulto","United Kingdom Press","1995","inventore laborum sapiente","Avventura","London","England","Regno Unito"
"521","Femmina","65","Anziano","United Kingdom Press","2009","totam quibusdam modi","Mistero","London","England","Regno Unito"
"522","Femmina","67","Anziano","Deutsche Verlag","1999","rerum libero neque","Mistero","Munich","Bavaria","Germania"
"523","Femmina","65","Anziano","American Publishers","2006","voluptas voluptates praesentium","Mistero","Los Angeles","California","Stati Uniti"
"524","Femmina","66","Anziano","American Publishers","2002","labore veritatis veritatis","Mistero","Los Angeles","California","Stati Uniti"
"525","Femmina","67","Anziano","United Kingdom Press","2023","id ullam ea","Mistero","London","England","Regno Unito"
"526","Femmina","65","Anziano","Ediciones Espanolas","1982","porro quod enim","Mistero","Barcelona","Catalonia","Spagna"
"527","Femmina","65","Anziano","Francese Editions","2015","rem necessitatibus odio","Mistero","Bouches-du-Rhône","Provence-Alpes-Côte 'Azur","Francia"
"528","Femmina","66","Anziano","Francese Editions","2016","illum quia soluta","Mistero","Bouches-du-Rhône","Provence-Alpes-Côte 'Azur","Francia"
"529","Femmina","67","Anziano","United Kingdom Press","1989","iste soluta porro","Mistero","London","England","Regno Unito"
"530","Femmina","67","Anziano","Deutsche Verlag","2014","impedit nihil facere","Mistero","Munich","Bavaria","Germania"
"531","Femmina","65","Anziano","Deutsche Verlag","1994","nobis eveniet natus","Mistero","Munich","Bavaria","Germania"
"532","Femmina","66","Anziano","Francese Editions","1997","modi iure cupiditate","Mistero","Bouches-du-Rhône","Provence-Alpes-Côte 'Azur","Francia"
"533","Femmina","65","Anziano","Deutsche Verlag","2017","cumque eveniet explicabo","Mistero","Munich","Bavaria","Germania"
"534","Femmina","65","Anziano","Francese Editions","1978","nam iure in","Mistero","Bouches-du-Rhône","Provence-Alpes-Côte 'Azur","Francia"
"535","Femmina","65","Anziano","Italiano Editore","2019","delectus repellendus architecto","Mistero","Teramo","Abruzzo","Italia"
"536","Femmina","65","Anziano","Mondadorium","2019","ipsum voluptate itaque","Mistero","Biella","Piemonte","Italia"
"537","Femmina","67","Anziano","United Kingdom Press","2016","a harum consectetur","Mistero","London","England","Regno Unito"
"538","Femmina","67","Anziano","Francese Editions","2024","repudiandae aperiam magnam","Mistero","Bouches-du-Rhône","Provence-Alpes-Côte 'Azur","Francia"
"539","Femmina","67","Anziano","Italiano Editore","1995","iure accusamus atque","Mistero","Teramo","Abruzzo","Italia"
"540","Femmina","65","Anziano","Deutsche Verlag","1998","culpa delectus excepturi","Mistero","Munich","Bavaria","Germania"
"541","Femmina","66","Anziano","Francese Editions","1992","sequi eius voluptas","Mistero","Bouches-du-Rhône","Provence-Alpes-Côte 'Azur","Francia"
"542","Femmina","65","Anziano","Italiano Editore","1981","saepe laudantium repellat","Mistero","Teramo","Abruzzo","Italia"
"543","Femmina","66","Anziano","United Kingdom Press","1978","consectetur suscipit facere","Mistero","London","England","Regno Unito"
"544","Femmina","65","Anziano","Ediciones Espanolas","2007","est optio impedit","Mistero","Barcelona","Catalonia","Spagna"
"545","Femmina","65","Anziano","Mondadorium","1989","suscipit fuga hic","Mistero","Biella","Piemonte","Italia"
"546","Femmina","65","Anziano","Italiano Editore","2014","illo iure doloremque","Mistero","Teramo","Abruzzo","Italia"
"547","Femmina","66","Anziano","Deutsche Verlag","1992","occaecati vel animi","Mistero","Munich","Bavaria","Germania"
"548","Femmina","67","Anziano","United Kingdom Press","2002","cum corrupti dolorum","Mistero","London","England","Regno Unito"
"549","Femmina","66","Anziano","American Publishers","1978","aspernatur nulla aspernatur","Mistero","Los Angeles","California","Stati Uniti"
"550","Femmina","66","Anziano","American Publishers","2004","nihil maxime explicabo","Mistero","Los Angeles","California","Stati Uniti"
"551","Femmina","67","Anziano","Ediciones Espanolas","2024","fuga optio quas","Mistero","Barcelona","Catalonia","Spagna"
"552","Femmina","66","Anziano","Italiano Editore","1981","asperiores ab in","Mistero","Teramo","Abruzzo","Italia"
"553","Femmina","65","Anziano","Deutsche Verlag","1986","occaecati assumenda architecto","Mistero","Munich","Bavaria","Germania"
"554","Femmina","65","Anziano","Italiano Editore","2002","deleniti minus corrupti","Mistero","Teramo","Abruzzo","Italia"
"555","Femmina","65","Anziano","American Publishers","1978","laboriosam expedita quaerat","Mistero","Los Angeles","California","Stati Uniti"
"556","Femmina","66","Anziano","United Kingdom Press","2024","magnam sunt at","Mistero","London","England","Regno Unito"
"557","Femmina","66","Anziano","United Kingdom Press","2021","aspernatur architecto et","Mistero","London","England","Regno Unito"
"558","Femmina","66","Anziano","Ediciones Espanolas","1987","harum unde sapiente","Mistero","Barcelona","Catalonia","Spagna"
"559","Femmina","66","Anziano","Taurinorum Editore","1979","atque reprehenderit magni","Mistero","Torino","Piemonte","Italia"
"560","Femmina","65","Anziano","Taurinorum Editore","2020","porro ea cum","Mistero","Torino","Piemonte","Italia"
"561","Femmina","65","Anziano","United Kingdom Press","2005","repudiandae ad pariatur","Mistero","London","England","Regno Unito"
"562","Femmina","67","Anziano","Taurinorum Editore","2002","tempora accusamus est","Mistero","Torino","Piemonte","Italia"
"563","Femmina","65","Anziano","Taurinorum Editore","2019","magni officia voluptatum","Mistero","Torino","Piemonte","Italia"
"564","Femmina","66","Anziano","Deutsche Verlag","2003","voluptatem iste consequatur","Mistero","Munich","Bavaria","Germania"
"565","Femmina","67","Anziano","Deutsche Verlag","1991","magnam earum modi","Mistero","Munich","Bavaria","Germania"
"566","Femmina","67","Anziano","Taurinorum Editore","2007","architecto explicabo saepe","Mistero","Torino","Piemonte","Italia"
"567","Femmina","66","Anziano","Deutsche Verlag","2024","reiciendis dolore eos","Mistero","Munich","Bavaria","Germania"
"568","Femmina","66","Anziano","Taurinorum Editore","1994","repellendus numquam autem","Mistero","Torino","Piemonte","Italia"
"569","Femmina","67","Anziano","Deutsche Verlag","2009","odio facere omnis","Mistero","Munich","Bavaria","Germania"
"570","Femmina","65","Anziano","Taurinorum Editore","1977","harum labore similique","Mistero","Torino","Piemonte","Italia"
"571","Femmina","66","Anziano","Mondadorium","2015","voluptate fugit quos","Mistero","Biella","Piemonte","Italia"
"572","Femmina","66","Anziano","Mondadorium","1983","laboriosam tenetur excepturi","Mistero","Biella","Piemonte","Italia"
"573","Femmina","66","Anziano","American Publishers","1986","placeat eos aperiam","Mistero","Los Angeles","California","Stati Uniti"
"574","Femmina","65","Anziano","Francese Editions","1979","porro eligendi laborum","Mistero","Bouches-du-Rhône","Provence-Alpes-Côte 'Azur","Francia"
"575","Femmina","67","Anziano","Taurinorum Editore","2007","assumenda voluptas ea","Mistero","Torino","Piemonte","Italia"
"576","Femmina","65","Anziano","American Publishers","1994","recusandae eaque eos","Mistero","Los Angeles","California","Stati Uniti"
"577","Femmina","65","Anziano","Ediciones Espanolas","1991","sint expedita dolores","Mistero","Barcelona","Catalonia","Spagna"
"578","Femmina","66","Anziano","Italiano Editore","1990","sed praesentium eligendi","Mistero","Teramo","Abruzzo","Italia"
"579","Femmina","67","Anziano","American Publishers","2007","enim deleniti repellendus","Mistero","Los Angeles","California","Stati Uniti"
"580","Femmina","65","Anziano","Mondadorium","2004","autem corrupti provident","Mistero","Biella","Piemonte","Italia"
"581","Femmina","67","Anziano","United Kingdom Press","1983","quas ipsam ut","Mistero","London","England","Regno Unito"
"582","Femmina","65","Anziano","Mondadorium","1978","magnam et maxime","Mistero","Biella","Piemonte","Italia"
"583","Femmina","66","Anziano","Italiano Editore","1981","molestias iusto accusamus","Mistero","Teramo","Abruzzo","Italia"
"584","Femmina","66","Anziano","Italiano Editore","2016","similique pariatur fugit","Mistero","Teramo","Abruzzo","Italia"
"585","Femmina","65","Anziano","Deutsche Verlag","1999","dignissimos dignissimos ratione","Mistero","Munich","Bavaria","Germania"
"586","Femmina","66","Anziano","Ediciones Espanolas","2018","eveniet in voluptates","Mistero","Barcelona","Catalonia","Spagna"
"587","Femmina","65","Anziano","Taurinorum Editore","1978","dolor eum nesciunt","Mistero","Torino","Piemonte","Italia"
"588","Femmina","66","Anziano","Italiano Editore","1992","error totam quisquam","Mistero","Teramo","Abruzzo","Italia"
"589","Femmina","66","Anziano","Taurinorum Editore","1984","amet fugit cupiditate","Mistero","Torino","Piemonte","Italia"
"590","Femmina","65","Anziano","American Publishers","1996","ipsa saepe saepe","Mistero","Los Angeles","California","Stati Uniti"
"591","Femmina","67","Anziano","Taurinorum Editore","1991","libero ullam beatae","Mistero","Torino","Piemonte","Italia"
"592","Femmina","66","Anziano","United Kingdom Press","1981","officiis amet rem","Mistero","London","England","Regno Unito"
"593","Femmina","65","Anziano","Taurinorum Editore","2021","deserunt magnam fugit","Mistero","Torino","Piemonte","Italia"
"594","Femmina","66","Anziano","United Kingdom Press","1992","provident numquam cumque","Mistero","London","England","Regno Unito"
"595","Femmina","66","Anziano","Taurinorum Editore","1980","vel aut rem","Mistero","Torino","Piemonte","Italia"
"596","Femmina","65","Anziano","Deutsche Verlag","2024","dolore consequatur aspernatur","Mistero","Munich","Bavaria","Germania"
"597","Femmina","66","Anziano","Mondadorium","2003","voluptas itaque officiis","Mistero","Biella","Piemonte","Italia"
"598","Femmina","67","Anziano","Ediciones Espanolas","1990","dolore alias doloribus","Mistero","Barcelona","Catalonia","Spagna"
"599","Femmina","67","Anziano","Taurinorum Editore","2009","distinctio expedita esse","Mistero","Torino","Piemonte","Italia"
"600","Femmina","66","Anziano","Italiano Editore","2023","quas quae nihil","Mistero","Teramo","Abruzzo","Italia"
"601","Femmina","66","Anziano","Deutsche Verlag","2003","cumque eius placeat","Mistero","Munich","Bavaria","Germania"
"602","Femmina","65","Anziano","Italiano Editore","2011","iste culpa dolore","Mistero","Teramo","Abruzzo","Italia"
"603","Femmina","66","Anziano","United Kingdom Press","2007","deleniti nostrum accusamus","Mistero","London","England","Regno Unito"
"604","Femmina","67","Anziano","Mondadorium","2021","tenetur impedit repellat","Mistero","Biella","Piemonte","Italia"
"605","Femmina","65","Anziano","United Kingdom Press","2011","omnis exercitationem provident","Mistero","London","England","Regno Unito"
"606","Femmina","66","Anziano","Mondadorium","2022","beatae temporibus eius","Mistero","Biella","Piemonte","Italia"
"607","Femmina","65","Anziano","American Publishers","1998","deleniti sint ipsam","Mistero","Los Angeles","California","Stati Uniti"
"608","Femmina","67","Anziano","Deutsche Verlag","1992","similique ut officia","Mistero","Munich","Bavaria","Germania"
"609","Femmina","65","Anziano","American Publishers","1991","explicabo assumenda suscipit","Mistero","Los Angeles","California","Stati Uniti"
"610","Femmina","66","Anziano","Mondadorium","2006","illo esse illo","Mistero","Biella","Piemonte","Italia"
"611","Femmina","66","Anziano","Taurinorum Editore","1984","a incidunt non","Mistero","Torino","Piemonte","Italia"
"612","Femmina","66","Anziano","Taurinorum Editore","2023","earum occaecati adipisci","Mistero","Torino","Piemonte","Italia"
"613","Femmina","65","Anziano","Francese Editions","1978","quod delectus cumque","Mistero","Bouches-du-Rhône","Provence-Alpes-Côte 'Azur","Francia"
"614","Femmina","65","Anziano","United Kingdom Press","1975","magni hic sint","Mistero","London","England","Regno Unito"
"615","Femmina","67","Anziano","United Kingdom Press","2016","consequuntur culpa debitis","Mistero","London","England","Regno Unito"
"616","Femmina","66","Anziano","Taurinorum Editore","2003","eum exercitationem excepturi","Mistero","Torino","Piemonte","Italia"
"617","Femmina","65","Anziano","American Publishers","1998","impedit ut libero","Mistero","Los Angeles","California","Stati Uniti"
"618","Femmina","65","Anziano","Francese Editions","1984","molestiae nostrum dignissimos","Mistero","Bouches-du-Rhône","Provence-Alpes-Côte 'Azur","Francia"
"619","Femmina","65","Anziano","Italiano Editore","1987","corrupti sapiente debitis","Mistero","Teramo","Abruzzo","Italia"
"620","Femmina","66","Anziano","United Kingdom Press","1994","fugiat facere officia","Mistero","London","England","Regno Unito"
"621","Femmina","66","Anziano","Italiano Editore","2016","eos veritatis aut","Mistero","Teramo","Abruzzo","Italia"
"622","Femmina","65","Anziano","United Kingdom Press","2017","tenetur culpa labore","Mistero","London","England","Regno Unito"
"623","Femmina","67","Anziano","Mondadorium","2019","cum consequatur et","Mistero","Biella","Piemonte","Italia"
"624","Femmina","65","Anziano","Taurinorum Editore","1975","repudiandae alias alias","Mistero","Torino","Piemonte","Italia"
"625","Femmina","67","Anziano","American Publishers","1987","ducimus eveniet quas","Mistero","Los Angeles","California","Stati Uniti"
"626","Femmina","67","Anziano","United Kingdom Press","2013","nemo temporibus consectetur","Mistero","London","England","Regno Unito"
"627","Femmina","65","Anziano","Taurinorum Editore","2023","officiis dolor quod","Mistero","Torino","Piemonte","Italia"
"628","Femmina","65","Anziano","American Publishers","2005","dolor illo repellendus","Mistero","Los Angeles","California","Stati Uniti"
"629","Femmina","66","Anziano","United Kingdom Press","2006","cupiditate explicabo earum","Mistero","London","England","Regno Unito"
"630","Femmina","67","Anziano","American Publishers","2011","reiciendis laudantium similique","Mistero","Los Angeles","California","Stati Uniti"
"631","Femmina","66","Anziano","Italiano Editore","1988","incidunt voluptatibus quasi","Mistero","Teramo","Abruzzo","Italia"
"632","Femmina","67","Anziano","Ediciones Espanolas","1978","quae perspiciatis saepe","Mistero","Barcelona","Catalonia","Spagna"
"633","Femmina","65","Anziano","Taurinorum Editore","1987","mollitia fugiat perspiciatis","Mistero","Torino","Piemonte","Italia"
"634","Femmina","66","Anziano","Francese Editions","1976","animi velit voluptates","Mistero","Bouches-du-Rhône","Provence-Alpes-Côte 'Azur","Francia"
"635","Femmina","66","Anziano","Taurinorum Editore","2002","labore autem inventore","Mistero","Torino","Piemonte","Italia"
"636","Femmina","66","Anziano","American Publishers","1992","saepe debitis ducimus","Mistero","Los Angeles","California","Stati Uniti"
"637","Femmina","65","Anziano","Mondadorium","1980","officia quis officiis","Mistero","Biella","Piemonte","Italia"
"638","Femmina","65","Anziano","Taurinorum Editore","1996","non ex eum","Mistero","Torino","Piemonte","Italia"
"639","Femmina","65","Anziano","Taurinorum Editore","1991","accusantium ad quod","Mistero","Torino","Piemonte","Italia"
"640","Femmina","66","Anziano","Taurinorum Editore","1996","eligendi libero enim","Mistero","Torino","Piemonte","Italia"
"641","Femmina","66","Anziano","Francese Editions","2000","nam corporis maxime","Mistero","Bouches-du-Rhône","Provence-Alpes-Côte 'Azur","Francia"
"642","Femmina","67","Anziano","Francese Editions","1975","assumenda maxime odit","Mistero","Bouches-du-Rhône","Provence-Alpes-Côte 'Azur","Francia"
"643","Femmina","65","Anziano","American Publishers","2024","quis aut quod","Mistero","Los Angeles","California","Stati Uniti"
"644","Femmina","67","Anziano","American Publishers","2023","officiis numquam deleniti","Mistero","Los Angeles","California","Stati Uniti"
"645","Femmina","67","Anziano","Mondadorium","2002","iusto labore harum","Mistero","Biella","Piemonte","Italia"
"646","Femmina","67","Anziano","Deutsche Verlag","2003","ipsa quod veritatis","Mistero","Munich","Bavaria","Germania"
"647","Femmina","66","Anziano","American Publishers","2018","magni totam similique","Mistero","Los Angeles","California","Stati Uniti"
"648","Femmina","65","Anziano","Francese Editions","2006","delectus accusantium praesentium","Mistero","Bouches-du-Rhône","Provence-Alpes-Côte 'Azur","Francia"
"649","Femmina","65","Anziano","American Publishers","1985","amet omnis quidem","Mistero","Los Angeles","California","Stati Uniti"
"650","Femmina","65","Anziano","United Kingdom Press","2014","necessitatibus numquam ducimus","Mistero","London","England","Regno Unito"
"651","Femmina","67","Anziano","American Publishers","1982","dicta optio optio","Mistero","Los Angeles","California","Stati Uniti"
"652","Femmina","67","Anziano","United Kingdom Press","1981","sit nobis in","Mistero","London","England","Regno Unito"
"653","Femmina","67","Anziano","Italiano Editore","2013","nihil iure ipsam","Mistero","Teramo","Abruzzo","Italia"
"654","Femmina","67","Anziano","Deutsche Verlag","1984","accusantium voluptatibus tempore","Mistero","Munich","Bavaria","Germania"
"655","Femmina","65","Anziano","United Kingdom Press","1982","neque impedit quam","Mistero","London","England","Regno Unito"
"656","Femmina","67","Anziano","United Kingdom Press","1990","quisquam architecto eos","Mistero","London","England","Regno Unito"
"657","Femmina","67","Anziano","Francese Editions","2010","distinctio doloribus tempora","Mistero","Bouches-du-Rhône","Provence-Alpes-Côte 'Azur","Francia"
"658","Femmina","66","Anziano","Mondadorium","1981","accusamus fuga perferendis","Mistero","Biella","Piemonte","Italia"
"659","Femmina","66","Anziano","American Publishers","2013","quam eius magnam","Mistero","Los Angeles","California","Stati Uniti"
"660","Femmina","67","Anziano","American Publishers","1978","aliquam sint perspiciatis","Mistero","Los Angeles","California","Stati Uniti"
"661","Femmina","65","Anziano","United Kingdom Press","2014","cum voluptates cupiditate","Mistero","London","England","Regno Unito"
"662","Femmina","66","Anziano","United Kingdom Press","1976","corporis exercitationem minus","Mistero","London","England","Regno Unito"
"663","Femmina","65","Anziano","Taurinorum Editore","1986","reiciendis laborum quis","Mistero","Torino","Piemonte","Italia"
"664","Femmina","66","Anziano","Francese Editions","1999","quis iure laborum","Mistero","Bouches-du-Rhône","Provence-Alpes-Côte 'Azur","Francia"
"665","Femmina","67","Anziano","Mondadorium","2024","quisquam harum voluptatem","Mistero","Biella","Piemonte","Italia"
"666","Femmina","66","Anziano","Deutsche Verlag","2014","praesentium aut minima","Mistero","Munich","Bavaria","Germania"
"667","Femmina","66","Anziano","American Publishers","2023","voluptas aspernatur ducimus","Mistero","Los Angeles","California","Stati Uniti"
"668","Femmina","67","Anziano","Italiano Editore","1987","consectetur dolorem consequuntur","Mistero","Teramo","Abruzzo","Italia"
"669","Femmina","65","Anziano","Francese Editions","1995","nisi accusamus et","Mistero","Bouches-du-Rhône","Provence-Alpes-Côte 'Azur","Francia"
"670","Femmina","67","Anziano","Mondadorium","2015","minima esse suscipit","Mistero","Biella","Piemonte","Italia"
"671","Femmina","66","Anziano","Deutsche Verlag","1984","voluptatem fugit quia","Mistero","Munich","Bavaria","Germania"
"672","Femmina","67","Anziano","American Publishers","2006","sequi pariatur excepturi","Mistero","Los Angeles","California","Stati Uniti"
"673","Femmina","65","Anziano","Francese Editions","1989","perspiciatis quis voluptate","Mistero","Bouches-du-Rhône","Provence-Alpes-Côte 'Azur","Francia"
"674","Femmina","66","Anziano","Mondadorium","2011","quia distinctio quibusdam","Mistero","Biella","Piemonte","Italia"
"675","Femmina","65","Anziano","American Publishers","2014","earum tempore eveniet","Mistero","Los Angeles","California","Stati Uniti"
"676","Femmina","67","Anziano","Deutsche Verlag","2003","quaerat ipsum dolores","Mistero","Munich","Bavaria","Germania"
"677","Femmina","65","Anziano","Taurinorum Editore","2022","aperiam ab fuga","Mistero","Torino","Piemonte","Italia"
"678","Femmina","65","Anziano","Mondadorium","2017","tempore quos nemo","Mistero","Biella","Piemonte","Italia"
"679","Femmina","66","Anziano","Mondadorium","2018","autem nulla aperiam","Mistero","Biella","Piemonte","Italia"
"680","Femmina","65","Anziano","American Publishers","1991","et exercitationem perspiciatis","Mistero","Los Angeles","California","Stati Uniti"
"681","Femmina","65","Anziano","Mondadorium","2004","odio ducimus sunt","Mistero","Biella","Piemonte","Italia"
"682","Femmina","66","Anziano","Taurinorum Editore","2001","ratione perspiciatis suscipit","Mistero","Torino","Piemonte","Italia"
"683","Femmina","67","Anziano","American Publishers","2017","repudiandae reprehenderit impedit","Mistero","Los Angeles","California","Stati Uniti"
"684","Femmina","67","Anziano","American Publishers","2009","ipsam iste laborum","Mistero","Los Angeles","California","Stati Uniti"
"685","Femmina","67","Anziano","Francese Editions","1976","natus velit numquam","Mistero","Bouches-du-Rhône","Provence-Alpes-Côte 'Azur","Francia"
"686","Femmina","66","Anziano","Francese Editions","1999","ut id quo","Mistero","Bouches-du-Rhône","Provence-Alpes-Côte 'Azur","Francia"
"687","Femmina","66","Anziano","Francese Editions","2002","esse fuga dolore","Mistero","Bouches-du-Rhône","Provence-Alpes-Côte 'Azur","Francia"
"688","Femmina","66","Anziano","American Publishers","1993","recusandae explicabo non","Mistero","Los Angeles","California","Stati Uniti"
"689","Femmina","65","Anziano","American Publishers","2009","dolore laudantium alias","Mistero","Los Angeles","California","Stati Uniti"
"690","Femmina","65","Anziano","Mondadorium","2009","voluptate repellendus dolores","Mistero","Biella","Piemonte","Italia"
"691","Femmina","67","Anziano","American Publishers","1997","sequi iusto ullam","Mistero","Los Angeles","California","Stati Uniti"
"692","Femmina","65","Anziano","Deutsche Verlag","2024","quod iusto aliquid","Mistero","Munich","Bavaria","Germania"
"693","Femmina","65","Anziano","Ediciones Espanolas","1992","magnam sapiente amet","Mistero","Barcelona","Catalonia","Spagna"
"694","Femmina","66","Anziano","Taurinorum Editore","2006","molestiae eos delectus","Mistero","Torino","Piemonte","Italia"
"695","Femmina","65","Anziano","Ediciones Espanolas","1998","sequi dolor veritatis","Mistero","Barcelona","Catalonia","Spagna"
"696","Femmina","66","Anziano","United Kingdom Press","1983","ipsum dolores dolor","Mistero","London","England","Regno Unito"
"697","Femmina","65","Anziano","Italiano Editore","1976","beatae reiciendis rem","Mistero","Teramo","Abruzzo","Italia"
"698","Femmina","65","Anziano","United Kingdom Press","2010","at occaecati accusantium","Mistero","London","England","Regno Unito"
"699","Femmina","65","Anziano","Taurinorum Editore","1980","nostrum suscipit illum","Mistero","Torino","Piemonte","Italia"
"700","Femmina","65","Anziano","Mondadorium","2003","velit repellendus quis","Mistero","Biella","Piemonte","Italia"
"701","Femmina","66","Anziano","Italiano Editore","2016","labore nulla quis","Mistero","Teramo","Abruzzo","Italia"
"702","Femmina","66","Anziano","Mondadorium","1977","consequatur dolorum ipsa","Mistero","Biella","Piemonte","Italia"
"703","Femmina","65","Anziano","Italiano Editore","2012","rem harum nihil","Mistero","Teramo","Abruzzo","Italia"
"704","Femmina","65","Anziano","Deutsche Verlag","1982","illum sunt repudiandae","Mistero","Munich","Bavaria","Germania"
